1421,0x17736022db0a67f85e9525a2b932610f82ca970b,common
759,0x132deb1e27df6289a9c1bf3e815e3e945f0af53a,common
454,0x2295547040bcba05b4e9f5f593a01c4b5bf3a343,common
1134,0x132deb1e27df6289a9c1bf3e815e3e945f0af53a,common
399,0xb54e954ccfcc49a4a663072f86420645b46fb877,common
178,0x2295547040bcba05b4e9f5f593a01c4b5bf3a343,common
516,0x132deb1e27df6289a9c1bf3e815e3e945f0af53a,common
1471,0x2295547040bcba05b4e9f5f593a01c4b5bf3a343,common
579,0x008bf2e3fe640ecf7c6d228bfe5f1c61044ebe0a,common
1114,0x132deb1e27df6289a9c1bf3e815e3e945f0af53a,common
348,0x008bf2e3fe640ecf7c6d228bfe5f1c61044ebe0a,common
1184,0x2295547040bcba05b4e9f5f593a01c4b5bf3a343,common
460,0x132deb1e27df6289a9c1bf3e815e3e945f0af53a,common
1166,0x008bf2e3fe640ecf7c6d228bfe5f1c61044ebe0a,common
78,0x132deb1e27df6289a9c1bf3e815e3e945f0af53a,common
804,0x2295547040bcba05b4e9f5f593a01c4b5bf3a343,common
350,0x2295547040bcba05b4e9f5f593a01c4b5bf3a343,common
1117,0x2295547040bcba05b4e9f5f593a01c4b5bf3a343,common
860,0xb54e954ccfcc49a4a663072f86420645b46fb877,common
684,0xcd9b8d84d229577662f649f72bca5e4f87e89728,common
1179,0xb54e954ccfcc49a4a663072f86420645b46fb877,common
1331,0x2295547040bcba05b4e9f5f593a01c4b5bf3a343,common
92,0x2295547040bcba05b4e9f5f593a01c4b5bf3a343,common
937,0x2295547040bcba05b4e9f5f593a01c4b5bf3a343,common
562,0x2295547040bcba05b4e9f5f593a01c4b5bf3a343,common
258,0xb54e954ccfcc49a4a663072f86420645b46fb877,common
764,0x7a7bbf4a290d7385c33aab7f4c4869ca7dab31c3,common
368,0x9782f166bafe23ba7d6951276e902157ab83ef63,common
337,0x17736022db0a67f85e9525a2b932610f82ca970b,common
1502,0x17736022db0a67f85e9525a2b932610f82ca970b,common
1414,0xb54e954ccfcc49a4a663072f86420645b46fb877,common
499,0xb54e954ccfcc49a4a663072f86420645b46fb877,common
285,0x132deb1e27df6289a9c1bf3e815e3e945f0af53a,common
490,0x17736022db0a67f85e9525a2b932610f82ca970b,common
1185,0x008bf2e3fe640ecf7c6d228bfe5f1c61044ebe0a,common
640,0x2295547040bcba05b4e9f5f593a01c4b5bf3a343,common
192,0xcd9b8d84d229577662f649f72bca5e4f87e89728,common
531,0x008bf2e3fe640ecf7c6d228bfe5f1c61044ebe0a,common
1350,0xb54e954ccfcc49a4a663072f86420645b46fb877,common
1119,0x008bf2e3fe640ecf7c6d228bfe5f1c61044ebe0a,common
712,0xc107a5f9fc57f364a1cb04985448adab6f426a71,common
1231,0xb54e954ccfcc49a4a663072f86420645b46fb877,common
1333,0x07db7a11b8e135a285b884f2907a54e6d657ab3a,common
309,0xb54e954ccfcc49a4a663072f86420645b46fb877,common
1038,0xb54e954ccfcc49a4a663072f86420645b46fb877,common
830,0x2295547040bcba05b4e9f5f593a01c4b5bf3a343,common
163,0xb54e954ccfcc49a4a663072f86420645b46fb877,common
1212,0xcd9b8d84d229577662f649f72bca5e4f87e89728,common
382,0xcd9b8d84d229577662f649f72bca5e4f87e89728,common
1188,0xc107a5f9fc57f364a1cb04985448adab6f426a71,common
1049,0x2295547040bcba05b4e9f5f593a01c4b5bf3a343,common
1311,0xc107a5f9fc57f364a1cb04985448adab6f426a71,common
392,0xcd9b8d84d229577662f649f72bca5e4f87e89728,common
1127,0xb54e954ccfcc49a4a663072f86420645b46fb877,common
928,0xb54e954ccfcc49a4a663072f86420645b46fb877,common
897,0x132deb1e27df6289a9c1bf3e815e3e945f0af53a,common
146,0x07db7a11b8e135a285b884f2907a54e6d657ab3a,common
708,0x008bf2e3fe640ecf7c6d228bfe5f1c61044ebe0a,common
428,0xc107a5f9fc57f364a1cb04985448adab6f426a71,common
1271,0xc107a5f9fc57f364a1cb04985448adab6f426a71,common
1073,0x008bf2e3fe640ecf7c6d228bfe5f1c61044ebe0a,common
1300,0x008bf2e3fe640ecf7c6d228bfe5f1c61044ebe0a,common
185,0x008bf2e3fe640ecf7c6d228bfe5f1c61044ebe0a,common
908,0x008bf2e3fe640ecf7c6d228bfe5f1c61044ebe0a,common
278,0xcd9b8d84d229577662f649f72bca5e4f87e89728,common
195,0x008bf2e3fe640ecf7c6d228bfe5f1c61044ebe0a,common
1088,0x008bf2e3fe640ecf7c6d228bfe5f1c61044ebe0a,common
1473,0xa7697cda9f3b8c3e0efa5687b524407b506384b6,common
550,0x008bf2e3fe640ecf7c6d228bfe5f1c61044ebe0a,common
880,0xc107a5f9fc57f364a1cb04985448adab6f426a71,common
1046,0xc107a5f9fc57f364a1cb04985448adab6f426a71,common
602,0x07db7a11b8e135a285b884f2907a54e6d657ab3a,common
16,0x4bb0cffc6c96861fa71c7c9a9a31cb6dc6d9e6d0,ultraRare
1064,0x4623f58f59d3b6ea9a0fa14e44e16c26a3853d67,common
1193,0xc107a5f9fc57f364a1cb04985448adab6f426a71,common
617,0x4623f58f59d3b6ea9a0fa14e44e16c26a3853d67,common
68,0xcd9b8d84d229577662f649f72bca5e4f87e89728,common
1301,0xa7697cda9f3b8c3e0efa5687b524407b506384b6,common
823,0xcd9b8d84d229577662f649f72bca5e4f87e89728,common
113,0x07db7a11b8e135a285b884f2907a54e6d657ab3a,common
609,0xcd9b8d84d229577662f649f72bca5e4f87e89728,common
719,0xa7697cda9f3b8c3e0efa5687b524407b506384b6,common
201,0xc107a5f9fc57f364a1cb04985448adab6f426a71,common
1312,0x008bf2e3fe640ecf7c6d228bfe5f1c61044ebe0a,common
957,0x952c13c8f76461d052c5bfe101d5862e715c0b80,common
527,0xcd9b8d84d229577662f649f72bca5e4f87e89728,common
961,0x07db7a11b8e135a285b884f2907a54e6d657ab3a,common
1398,0x008bf2e3fe640ecf7c6d228bfe5f1c61044ebe0a,common
1463,0xa7697cda9f3b8c3e0efa5687b524407b506384b6,common
43,0x36300bc39d6c1ac245ab147e0c848ced67dfdb8f,common
1165,0xa7697cda9f3b8c3e0efa5687b524407b506384b6,common
1484,0xa7697cda9f3b8c3e0efa5687b524407b506384b6,common
591,0x07db7a11b8e135a285b884f2907a54e6d657ab3a,common
692,0x3c2573b002cf51e64ab6d051814648eb3a305363,common
899,0x36300bc39d6c1ac245ab147e0c848ced67dfdb8f,common
529,0x36300bc39d6c1ac245ab147e0c848ced67dfdb8f,common
1406,0x07db7a11b8e135a285b884f2907a54e6d657ab3a,common
1404,0xa7697cda9f3b8c3e0efa5687b524407b506384b6,common
1274,0x4623f58f59d3b6ea9a0fa14e44e16c26a3853d67,common
27,0xc107a5f9fc57f364a1cb04985448adab6f426a71,common
994,0x4623f58f59d3b6ea9a0fa14e44e16c26a3853d67,common
1022,0x3c2573b002cf51e64ab6d051814648eb3a305363,common
166,0x3c2573b002cf51e64ab6d051814648eb3a305363,common
1417,0x12bc68b24cc162ce8f75c808621a1db40427850d,common
253,0x3c2573b002cf51e64ab6d051814648eb3a305363,common
145,0x952c13c8f76461d052c5bfe101d5862e715c0b80,common
1270,0x952c13c8f76461d052c5bfe101d5862e715c0b80,common
256,0x3c2573b002cf51e64ab6d051814648eb3a305363,common
199,0xa7697cda9f3b8c3e0efa5687b524407b506384b6,common
884,0xb40cd6fc02b2c1f26b8373c373f0f4feefc749a9,common
822,0xa7697cda9f3b8c3e0efa5687b524407b506384b6,common
728,0x3c2573b002cf51e64ab6d051814648eb3a305363,common
418,0x4623f58f59d3b6ea9a0fa14e44e16c26a3853d67,common
983,0x4623f58f59d3b6ea9a0fa14e44e16c26a3853d67,common
1126,0xc107a5f9fc57f364a1cb04985448adab6f426a71,common
1017,0x12bc68b24cc162ce8f75c808621a1db40427850d,common
854,0x36300bc39d6c1ac245ab147e0c848ced67dfdb8f,common
1454,0x4623f58f59d3b6ea9a0fa14e44e16c26a3853d67,common
1296,0xa8afd1e0ce6bf6c0507b416e524bdc3671e6edf7,common
154,0x952c13c8f76461d052c5bfe101d5862e715c0b80,common
987,0x36300bc39d6c1ac245ab147e0c848ced67dfdb8f,common
280,0x3c2573b002cf51e64ab6d051814648eb3a305363,common
1483,0x3c2573b002cf51e64ab6d051814648eb3a305363,common
252,0x3c2573b002cf51e64ab6d051814648eb3a305363,common
1275,0x3c2573b002cf51e64ab6d051814648eb3a305363,common
19,0x57d3b15ae4ed00c7e32ecedefc246db04892f6e7,ultraRare
940,0xa7697cda9f3b8c3e0efa5687b524407b506384b6,common
365,0x4623f58f59d3b6ea9a0fa14e44e16c26a3853d67,common
141,0x3c2573b002cf51e64ab6d051814648eb3a305363,common
1015,0x4623f58f59d3b6ea9a0fa14e44e16c26a3853d67,common
284,0x4623f58f59d3b6ea9a0fa14e44e16c26a3853d67,common
257,0x3c2573b002cf51e64ab6d051814648eb3a305363,common
1277,0xa7697cda9f3b8c3e0efa5687b524407b506384b6,common
967,0x3c2573b002cf51e64ab6d051814648eb3a305363,common
1116,0x3c2573b002cf51e64ab6d051814648eb3a305363,common
1385,0x3c2573b002cf51e64ab6d051814648eb3a305363,common
294,0xa8afd1e0ce6bf6c0507b416e524bdc3671e6edf7,common
1279,0xa7697cda9f3b8c3e0efa5687b524407b506384b6,common
782,0x22cbde853a50db5a036e5d62b1c82490465557c0,common
144,0x3c2573b002cf51e64ab6d051814648eb3a305363,common
1302,0x4623f58f59d3b6ea9a0fa14e44e16c26a3853d67,common
1092,0x952c13c8f76461d052c5bfe101d5862e715c0b80,common
1082,0x9705a11599b52460246db1cd4cdc73198c2b6405,common
1123,0xa7697cda9f3b8c3e0efa5687b524407b506384b6,undefined
1128,0x9705a11599b52460246db1cd4cdc73198c2b6405,common
543,0x9705a11599b52460246db1cd4cdc73198c2b6405,common
289,0x3c2573b002cf51e64ab6d051814648eb3a305363,common
731,0x3c2573b002cf51e64ab6d051814648eb3a305363,common
1225,0x57d3b15ae4ed00c7e32ecedefc246db04892f6e7,common
816,0x3c2573b002cf51e64ab6d051814648eb3a305363,common
1205,0x57d3b15ae4ed00c7e32ecedefc246db04892f6e7,common
650,0xec4a2742bbcfba37234d91cf15224dc5e0da1a9e,common
1169,0x2b0ad6566c62a9a859af6e46094a6881850b78b3,common
1219,0x3c2573b002cf51e64ab6d051814648eb3a305363,common
89,0x268520585d22f58b804a67b3e4a81387e99da0fb,common
158,0x57d3b15ae4ed00c7e32ecedefc246db04892f6e7,common
733,0x9705a11599b52460246db1cd4cdc73198c2b6405,common
1061,0x3c2573b002cf51e64ab6d051814648eb3a305363,common
861,0x3c2573b002cf51e64ab6d051814648eb3a305363,common
240,0x3c2573b002cf51e64ab6d051814648eb3a305363,common
216,0x97e8fe67043bf942ef67bc8cf0308df206cd836a,common
1317,0x57d3b15ae4ed00c7e32ecedefc246db04892f6e7,common
771,0x95a1b2e09d2c9d742098da59d630ad76e87d2132,common
1494,0x22cbde853a50db5a036e5d62b1c82490465557c0,common
90,0x9f5377a1407107e585935ca94222c24b00b08e73,common
444,0x22cbde853a50db5a036e5d62b1c82490465557c0,common
143,0x22cbde853a50db5a036e5d62b1c82490465557c0,common
139,0xfc864d1ff969599e7ea094e74d01f5e66f15e424,common
159,0x22cbde853a50db5a036e5d62b1c82490465557c0,common
1115,0xa858b62061e014686e1a5ba57e88516ae64271fa,common
176,0xb0eb61d1faa32a29ca54ad874a998d12d8ad397e,common
50,0x74a6d9cd94a13d9f9a213e48508cdca5cd2ed9b6,common
1430,0x098b5d26d9bcde9405bb6fe294e2bea89be4cd27,common
131,0xb585b60de71e48032e8c19b90896984afc6a660d,common
282,0xaa53f9b198421ed41dc16c42f5463636386ed5c9,common
1189,0x6cbae2a966c9bfac13a97b93427e2edffbcfc2d0,common
1334,0x258ab312db3f2130295807b4ec3ce20918b79c95,common
103,0xa7aa4b444a75f6df5fcae6e563755b14cf573728,common
357,0xa6e7102f702c9b00fcb0f8b0ee7d521191402162,common
311,0x86682ab52b1319db3d7b08d9ad2357d6d4905351,common
1329,0xf9961f36c8262561e08f44ee84e592fa32664126,common
1316,0xfc864d1ff969599e7ea094e74d01f5e66f15e424,common
746,0xb585b60de71e48032e8c19b90896984afc6a660d,common
471,0x9abcd812bffc1ef2e81a2dde75b5ed8809289d9d,common
849,0xdeca4a975048ca97efebfd3a233c1ac08d496d5f,common
559,0xfc864d1ff969599e7ea094e74d01f5e66f15e424,common
300,0x2295547040bcba05b4e9f5f593a01c4b5bf3a343,common
662,0x68c4543e00cf0a9aa186fb4ae190ce3fd430ddc7,common
1509,0x6cbae2a966c9bfac13a97b93427e2edffbcfc2d0,common
930,0xb585b60de71e48032e8c19b90896984afc6a660d,common
1391,0xaa5e9f0623b3fb1cc629c7698c5a143ed129b5e2,common
1413,0x0b62afd2d1ebe24750d9e41f50cd4c274b9228a7,common
705,0x8d87554a74286ede5d2af3e0d8331a26943b28c8,common
626,0xaa5e9f0623b3fb1cc629c7698c5a143ed129b5e2,common
369,0xc9b7b8f701aaffc25dd0778dca92ca20e6189be2,common
730,0xaa5e9f0623b3fb1cc629c7698c5a143ed129b5e2,common
82,0xf6afd3f9b0bf86db5c0dd6ac68c60be2a9700145,common
475,0x17736022db0a67f85e9525a2b932610f82ca970b,common
1075,0xe49527f95f6f2d59ee93af82d8a4d043b69982da,common
1237,0x07db7a11b8e135a285b884f2907a54e6d657ab3a,common
1206,0xced183f3efe63c054f36bc2d701cfe4631e61f1a,common
1106,0xaa5e9f0623b3fb1cc629c7698c5a143ed129b5e2,common
277,0x257d8f661eadf704db510bff38f63a398ed9cc50,common
1307,0x82896ea4e1f936061da526e11e537b2b37efbb29,common
1029,0x5af48c2aae5d1d87224ad5643eaa39018bf8b441,common
1170,0x9782f166bafe23ba7d6951276e902157ab83ef63,common
1347,0x464ed27e0cee1091e0dbdc38217dd39e426d5bec,common
870,0x4d24616626d0e2b7b99cffeaffcf92718fba9fd6,common
1257,0x53ffa4b77df99062b35f10af5f2ad9ba92f1d8f0,common
843,0x002d8266b401b4910535696f51ef3e789a7229c2,common
1280,0xf941b4ae5910e9bf9a2731b4f05d9bed77edfa9a,common
537,0x2295547040bcba05b4e9f5f593a01c4b5bf3a343,common
715,0x07db7a11b8e135a285b884f2907a54e6d657ab3a,common
31,0x06c4eca797eed5e8345543d88690108850a5b7a8,common
438,0x07db7a11b8e135a285b884f2907a54e6d657ab3a,common
625,0xd8389e5f22714413f3f16c8543ba0f12900c3499,common
699,0x312586476520613e03aab4229b27dd869328bfa7,common
1462,0x04dce2abe30ffab6e9f5b5bf26063e5c1bf14a74,common
551,0x97e8fe67043bf942ef67bc8cf0308df206cd836a,common
934,0x47886f5343ebbc0678050383ce1caaa40861cce9,common
221,0xd28b7125ecd96032d519d0aacc4729e23ed977f7,common
42,0x1166e7fd704d5b1f30ceb67cd1bf5233d74e450c,common
832,0x04dce2abe30ffab6e9f5b5bf26063e5c1bf14a74,common
1224,0x00f5c7cd3a38989412002e8fc631c057f069c78d,common
1469,0x02412782ac13df446d03ee426ea32514dd7323f2,common
754,0xd75063de33b48e4a8b0d98541f1b8a42b931b760,common
1214,0x01b4972f8c96baddf07bdc5b69995dd04acb3b8f,common
549,0x361f2dcbc692f45b1010148e43155b5d3affe04f,common
595,0x19662dadce4025ecf77766382de3d353a0860f81,common
1025,0x7994f3392ba37fb126841346e5e408cb50f4e5d6,common
1260,0x12bc68b24cc162ce8f75c808621a1db40427850d,common
322,0xfd625745351477ddbaa68e8d1869e3b3b92e10ec,common
642,0x98b69d0b81fb1966ebe0af76789425706e5afe7b,common
436,0x2dafb47475a5e2fe75c8411c8f5b9cee99787869,common
242,0xadf997037a13c51cff283696daa0e93fb793aefe,common
314,0x86e96bdfce8e514ed5f59595ffc448e642bd78d0,common
1143,0x3c2573b002cf51e64ab6d051814648eb3a305363,common
326,0x9705a11599b52460246db1cd4cdc73198c2b6405,common
80,0x3c2573b002cf51e64ab6d051814648eb3a305363,common
127,0xba4807ab550e853106bf4586f5e54bfff70ff187,common
14,0x9abcd812bffc1ef2e81a2dde75b5ed8809289d9d,ultraRare
283,0x3c2573b002cf51e64ab6d051814648eb3a305363,common
789,0x3c2573b002cf51e64ab6d051814648eb3a305363,common
936,0x22cbde853a50db5a036e5d62b1c82490465557c0,common
821,0x3c2573b002cf51e64ab6d051814648eb3a305363,common
666,0x3c2573b002cf51e64ab6d051814648eb3a305363,common
1452,0x3c2573b002cf51e64ab6d051814648eb3a305363,common
1132,0x22cbde853a50db5a036e5d62b1c82490465557c0,common
1259,0x3c2573b002cf51e64ab6d051814648eb3a305363,common
1062,0x3c2573b002cf51e64ab6d051814648eb3a305363,common
186,0x3c2573b002cf51e64ab6d051814648eb3a305363,common
132,0x3c2573b002cf51e64ab6d051814648eb3a305363,common
1195,0x3c2573b002cf51e64ab6d051814648eb3a305363,common
323,0x3c2573b002cf51e64ab6d051814648eb3a305363,common
1361,0x3c2573b002cf51e64ab6d051814648eb3a305363,common
1276,0x3c2573b002cf51e64ab6d051814648eb3a305363,common
1100,0x268520585d22f58b804a67b3e4a81387e99da0fb,common
709,0x3c2573b002cf51e64ab6d051814648eb3a305363,common
876,0xb40cd6fc02b2c1f26b8373c373f0f4feefc749a9,common
904,0x22cbde853a50db5a036e5d62b1c82490465557c0,common
496,0x9705a11599b52460246db1cd4cdc73198c2b6405,common
1142,0x9705a11599b52460246db1cd4cdc73198c2b6405,common
515,0x3c2573b002cf51e64ab6d051814648eb3a305363,common
885,0x9705a11599b52460246db1cd4cdc73198c2b6405,common
1378,0xf89d4c1dc5203c66cd0d54399afb087e27b6c067,common
634,0x57d3b15ae4ed00c7e32ecedefc246db04892f6e7,common
1272,0x57d3b15ae4ed00c7e32ecedefc246db04892f6e7,common
1168,0x9705a11599b52460246db1cd4cdc73198c2b6405,common
51,0x57d3b15ae4ed00c7e32ecedefc246db04892f6e7,common
142,0x08943873222ce63ec48f8907757928dcb06af388,common
1233,0x57d3b15ae4ed00c7e32ecedefc246db04892f6e7,common
1163,0x22cbde853a50db5a036e5d62b1c82490465557c0,common
447,0x22cbde853a50db5a036e5d62b1c82490465557c0,common
1500,0x9128c3292764c4e7f08c7f9c8c1a76aaf4f32c00,common
518,0xfc864d1ff969599e7ea094e74d01f5e66f15e424,common
1360,0x22cbde853a50db5a036e5d62b1c82490465557c0,common
990,0xfc864d1ff969599e7ea094e74d01f5e66f15e424,common
1402,0x22cbde853a50db5a036e5d62b1c82490465557c0,common
246,0xfc864d1ff969599e7ea094e74d01f5e66f15e424,common
324,0xc01aecdca6fadedc4721dfffe472435012ca4954,common
446,0xf380df71582107f1033e417ec4f421a4153d87ce,common
190,0x178cb98e1a44f37b0d884b94dd7aa01cda00161d,common
1113,0xa7aa4b444a75f6df5fcae6e563755b14cf573728,common
407,0xfc864d1ff969599e7ea094e74d01f5e66f15e424,common
740,0xf7fc209829fee6481726bd7cc493334f5465f89d,common
118,0x6cbae2a966c9bfac13a97b93427e2edffbcfc2d0,common
670,0xfc864d1ff969599e7ea094e74d01f5e66f15e424,common
1052,0x0d84fbc5cd447160fbe09ccff0fd157619d129ec,common
1158,0xfc864d1ff969599e7ea094e74d01f5e66f15e424,common
339,0xc2a6552b71a66967ccc525c0d787936429b55f26,common
651,0x5bd8eff5967b1f1812fda2d5e5802d28d1cd793c,common
310,0x07db7a11b8e135a285b884f2907a54e6d657ab3a,common
412,0xf272da84f95b482ad3b317f95c623bd8da4408a8,common
538,0xa730f0255f61e54f999852afb1783a77aaf9ee15,common
614,0xcd9b8d84d229577662f649f72bca5e4f87e89728,common
540,0x07db7a11b8e135a285b884f2907a54e6d657ab3a,common
941,0x5d159f3524f26441fbda1758a4a6528ec77e36e1,common
1241,0xfafbb149f0a7e2c768fe6151a1fc0d69bc7b57ee,common
1093,0x17736022db0a67f85e9525a2b932610f82ca970b,common
135,0xce7aa7f1f57ce772edb0af0b5193dee0cc2c10b0,common
1197,0xad601af99799b5bc17171c5b45e18a2a721f3196,common
1122,0xe49527f95f6f2d59ee93af82d8a4d043b69982da,common
1415,0x641cf4f47ddfd1dac1bdee36069f09481064b031,common
1104,0xd5d3cdfebdab8438cd7508b7ec6b56050df5b77e,common
621,0xb54e954ccfcc49a4a663072f86420645b46fb877,common
187,0x532d373ddce3de8d7270e566458fc5827f321675,common
99,0x16aeac6eac4f832078008b09b246ef3a4b593935,common
1010,0x0b62afd2d1ebe24750d9e41f50cd4c274b9228a7,common
1267,0x0067dccadff37862631ef6310bffd19942ec1d3d,common
67,0x08f687bbe88f1bd5fcfd263763a1616840595ab1,common
783,0x5af48c2aae5d1d87224ad5643eaa39018bf8b441,common
1298,0x5af48c2aae5d1d87224ad5643eaa39018bf8b441,common
1315,0x7aa0acb983101da638bbbf26bc3af530829067de,common
358,0xe467d13580385f181f99de552223264c0041398d,common
104,0x002d8266b401b4910535696f51ef3e789a7229c2,common
1370,0x88d93e522dd5cd76cbb7eb585a433f06ae33ba6d,common
65,0x88d93e522dd5cd76cbb7eb585a433f06ae33ba6d,common
858,0x6529770a5c58ca859558670cf98171f600c48783,common
347,0x1f8dd194700bd78188f0977294edbaad929d5e1d,common
32,0x06c4eca797eed5e8345543d88690108850a5b7a8,common
1443,0x503b79c7ee1bc253e86abdaa1be9e17444a26a74,common
366,0xc6d84b7333ccf2db3362f5acd944da2dcc304d06,common
1135,0x97e8fe67043bf942ef67bc8cf0308df206cd836a,common
30,0x06c4eca797eed5e8345543d88690108850a5b7a8,common
1019,0x88d93e522dd5cd76cbb7eb585a433f06ae33ba6d,common
683,0x523ff3e142f822e2158f3802d9bcb6f28977441e,common
1436,0x0a2d3dd46e44acec0da085268502880bb384bcc0,common
988,0xb585b60de71e48032e8c19b90896984afc6a660d,common
1346,0x0306a5ad0e492eb37be08ef21821dd0bca7ce82c,common
1420,0xfc8d9be838b77a1f59abc3e6d76a187c330f8b68,common
202,0x264382ad05f11ffbf226c8cdd517c09807ba065d,common
1227,0x7b6698efa048b0203a44054c33803f62fe9a44f2,common
1154,0x93b00caac54906ee4ac7c62d4571eda5bc1ed245,common
964,0x97c0508e6aac0f59de4770d31c45a3183965b1d4,common
1458,0xaa242596e35a08d04aa261b4157a74550db4fefa,common
1057,0x975f1be5fbd4ab7a9b77b6dc32fea6f4e26908ad,common
819,0xc512970082e8cd708cc3b849f9d0df67296d4d4a,common
586,0x7181a42ad9119eb0b531a37e022d60da751bf303,common
713,0x95d33f51c439353be05d7c0d7ca5f0e7100d8453,common
743,0x34e1538b06f76a2ca55eb9c2ffd7243f6b23a2aa,common
271,0x4f87758fe44aa450b0d8364ca561445d1f971bad,common
519,0xbb393a5e614704f5aec87d4b06e047ba23ec19ce,common
8,0xf55542f5e866bfdebbd5ea09a5d747a97faa8527,undefined
279,0xd3dfb5f30b286b675d0b9dd7b2cb6c294675c7a9,common
183,0xf6afd3f9b0bf86db5c0dd6ac68c60be2a9700145,common
603,0x8f4650dbaa52617acbc178ddbb13ca89de321f01,common
423,0x15c783ce000ae59e128f62bfcdd158652896cef2,common
169,0xb50ff69c63fa491dae53e29942364d57a17acda4,common
415,0xcb96f1ee9e7a2e4543e4beb7ce82089929d9f7b2,common
624,0x22cbde853a50db5a036e5d62b1c82490465557c0,common
275,0x22cbde853a50db5a036e5d62b1c82490465557c0,common
1153,0xcb96f1ee9e7a2e4543e4beb7ce82089929d9f7b2,common
1386,0xcb96f1ee9e7a2e4543e4beb7ce82089929d9f7b2,common
1173,0x22cbde853a50db5a036e5d62b1c82490465557c0,common
623,0x22cbde853a50db5a036e5d62b1c82490465557c0,common
177,0x22cbde853a50db5a036e5d62b1c82490465557c0,common
39,0xcb96f1ee9e7a2e4543e4beb7ce82089929d9f7b2,common
919,0x22cbde853a50db5a036e5d62b1c82490465557c0,common
697,0xcb96f1ee9e7a2e4543e4beb7ce82089929d9f7b2,common
1341,0x268520585d22f58b804a67b3e4a81387e99da0fb,common
1268,0xce2d451b77c439d01b598a716e928edf3d735547,common
1505,0x22cbde853a50db5a036e5d62b1c82490465557c0,common
896,0x9705a11599b52460246db1cd4cdc73198c2b6405,common
1514,0x22cbde853a50db5a036e5d62b1c82490465557c0,common
1245,0x22cbde853a50db5a036e5d62b1c82490465557c0,common
198,0x22cbde853a50db5a036e5d62b1c82490465557c0,common
288,0x9705a11599b52460246db1cd4cdc73198c2b6405,common
1291,0x22cbde853a50db5a036e5d62b1c82490465557c0,common
556,0x22cbde853a50db5a036e5d62b1c82490465557c0,common
52,0x22cbde853a50db5a036e5d62b1c82490465557c0,common
379,0x57d3b15ae4ed00c7e32ecedefc246db04892f6e7,common
1508,0x22cbde853a50db5a036e5d62b1c82490465557c0,common
1516,0x9705a11599b52460246db1cd4cdc73198c2b6405,common
189,0x9705a11599b52460246db1cd4cdc73198c2b6405,common
1226,0x57d3b15ae4ed00c7e32ecedefc246db04892f6e7,common
268,0x57d3b15ae4ed00c7e32ecedefc246db04892f6e7,common
287,0x22cbde853a50db5a036e5d62b1c82490465557c0,common
690,0x95a1b2e09d2c9d742098da59d630ad76e87d2132,common
313,0x8d87554a74286ede5d2af3e0d8331a26943b28c8,common
211,0x57d3b15ae4ed00c7e32ecedefc246db04892f6e7,common
673,0x5ba783d527f0a89e6c58e7e3e8ccdb03f4951a24,common
962,0xfc864d1ff969599e7ea094e74d01f5e66f15e424,common
646,0xfc864d1ff969599e7ea094e74d01f5e66f15e424,common
583,0x22cbde853a50db5a036e5d62b1c82490465557c0,common
1032,0x22cbde853a50db5a036e5d62b1c82490465557c0,common
1461,0xfc864d1ff969599e7ea094e74d01f5e66f15e424,common
91,0xb0eb61d1faa32a29ca54ad874a998d12d8ad397e,common
147,0x87be2dae279a59a419655aadce2cb3ae30810b53,common
1313,0x098b5d26d9bcde9405bb6fe294e2bea89be4cd27,common
1056,0x87be2dae279a59a419655aadce2cb3ae30810b53,common
1374,0xfc864d1ff969599e7ea094e74d01f5e66f15e424,common
757,0xc2a6552b71a66967ccc525c0d787936429b55f26,common
1105,0xa7aa4b444a75f6df5fcae6e563755b14cf573728,common
975,0x3bdcabe84c76af69ec4c0715ac3b09cbc56651ca,common
1198,0xab366b395c0e31eaa8b223d2c518e6c8cb3c9d56,common
1216,0xcd67cf9ef3e9f661797e70ef20f66835feef2478,common
534,0x0d521de58fa8559b8d212c45b951ab8f8abed30f,common
1199,0x3e5bd8df101df3195e251ae68fd070d22a089c40,common
877,0xe5cba820be289e2b1f0e34c8a0e954323512f65a,common
841,0x641cf4f47ddfd1dac1bdee36069f09481064b031,common
303,0x86682ab52b1319db3d7b08d9ad2357d6d4905351,common
704,0x6f08451b7cdf3c6a58a23a4c07149c005c665e78,common
1210,0x5af48c2aae5d1d87224ad5643eaa39018bf8b441,common
677,0xb585b60de71e48032e8c19b90896984afc6a660d,common
115,0x798aeebfbd76f30d2ef6848b5ceefe2ca39df5ed,common
227,0x5bd8eff5967b1f1812fda2d5e5802d28d1cd793c,common
611,0x0067dccadff37862631ef6310bffd19942ec1d3d,common
1218,0x5af48c2aae5d1d87224ad5643eaa39018bf8b441,common
1269,0xa65222240dd864a1796b318a891d2f50a6f24df5,common
1234,0x002d8266b401b4910535696f51ef3e789a7229c2,common
1101,0x88d93e522dd5cd76cbb7eb585a433f06ae33ba6d,common
225,0x67aa976601cf3e825570ab2dd2cd905a6ffaca22,common
1040,0x19662dadce4025ecf77766382de3d353a0860f81,common
815,0x4bd04cc5d3231749536a9f47892d759566b31728,common
409,0x5bd8eff5967b1f1812fda2d5e5802d28d1cd793c,common
574,0x6ae70ac8a3aeec82430be38f1d3078557d065703,common
866,0xb407763f587f5f8726dcc9eeb7a72c402117016a,common
21,0xe0c4a6989d0a79f48ec90f930665db6762820bf4,undefined
612,0xbb393a5e614704f5aec87d4b06e047ba23ec19ce,common
1249,0xc17c0fd474a06b77e0e596a3f835d5be97d6b531,common
906,0x7075dd4116d38f1df6a2d9d782b1286a31d763e7,common
1124,0xb407763f587f5f8726dcc9eeb7a72c402117016a,common
1266,0xce18fe4ae2b3679a2a87214694501a2eb795f015,common
1339,0x824d9da0cd82fb337b9f3d59c92d33081ec1cf5c,common
36,0x06c4eca797eed5e8345543d88690108850a5b7a8,common
1403,0x910a0ccd5ffcd442f200b9480b2d45b2aa988ca6,common
639,0x523ff3e142f822e2158f3802d9bcb6f28977441e,common
793,0x96c02c98b4209e3c74104ee7b406cfb975c7705d,common
1180,0x88d93e522dd5cd76cbb7eb585a433f06ae33ba6d,common
509,0xb585b60de71e48032e8c19b90896984afc6a660d,common
1480,0x78d607f219a49915bf5b45d8e6a2eba597457bf4,common
1190,0x67aa976601cf3e825570ab2dd2cd905a6ffaca22,common
1136,0xf5f14f1880abae32b7b8e4d361845293290ebd1d,common
1337,0x7d1d30d663fc55f711fa452eac15f6d30dcabdde,common
140,0x7379ce50b6e077292f91f32ab092e54a9a142662,common
1058,0xd3fc91111a9bd7ae200be34ef5d79099d99a0b1b,common
810,0x70e60030afe6b0a958e34931dfceb73e80ea5828,common
846,0xe917a151812c4669568a2a43cfd8e12c8fa57c24,common
798,0xc1542708fcb980b28f1c20bea3fe3088325c8587,common
632,0x047849c101df6033da25309febffac95b172c5c4,common
424,0x0a33cb01d88cb96c8a4abf9a7e33e2f0cfde84bf,common
331,0x1b667d4486d114ae0de4335b2d6c22286160163c,common
748,0xcbef7c9d690f688ce92ee73b4eb9f527908e381f,common
541,0xc8372d6e886597f777c281074a5f26fb67334f70,common
342,0xcf9c59b2733d9703ad9939af4f595815a28962ce,common
613,0x854a25f03b67101350af6e1d942ef590efa49696,common
542,0x7c02963b075198706e8f9b4448b78bfbc44d4890,common
2,0xa858b62061e014686e1a5ba57e88516ae64271fa,ultraRare
18,0x4150220dab02ad6a4e241bfe254ecf391b5a4f28,ultraRare
248,0x03fdc2949dfb5dd5ac9124858905cb70562d2a9d,common
1201,0xbef0596d947db3ede9cb4e45e287c79cefc4aa4c,common
1453,0x22cbde853a50db5a036e5d62b1c82490465557c0,common
203,0x57d3b15ae4ed00c7e32ecedefc246db04892f6e7,common
466,0x9705a11599b52460246db1cd4cdc73198c2b6405,common
223,0x57d3b15ae4ed00c7e32ecedefc246db04892f6e7,common
1099,0x9705a11599b52460246db1cd4cdc73198c2b6405,common
944,0x9705a11599b52460246db1cd4cdc73198c2b6405,common
687,0x9705a11599b52460246db1cd4cdc73198c2b6405,common
544,0xf6bcadddf6e3703289269ff3085a8f45bbf9d75f,common
913,0x57d3b15ae4ed00c7e32ecedefc246db04892f6e7,common
1055,0x57d3b15ae4ed00c7e32ecedefc246db04892f6e7,common
998,0x9705a11599b52460246db1cd4cdc73198c2b6405,common
826,0x57d3b15ae4ed00c7e32ecedefc246db04892f6e7,common
1097,0x57d3b15ae4ed00c7e32ecedefc246db04892f6e7,common
548,0x7ad9bae71bccc9ae2f3ddffba23eaff009eab553,common
63,0xc91768bbb0b64cad9ce3311f6799ec4126ce8bdf,common
834,0x22cbde853a50db5a036e5d62b1c82490465557c0,common
1290,0x57d3b15ae4ed00c7e32ecedefc246db04892f6e7,common
1002,0x9705a11599b52460246db1cd4cdc73198c2b6405,common
741,0x9705a11599b52460246db1cd4cdc73198c2b6405,common
653,0x9705a11599b52460246db1cd4cdc73198c2b6405,common
1012,0x57d3b15ae4ed00c7e32ecedefc246db04892f6e7,common
871,0x9705a11599b52460246db1cd4cdc73198c2b6405,common
316,0x9128c3292764c4e7f08c7f9c8c1a76aaf4f32c00,common
351,0x57d3b15ae4ed00c7e32ecedefc246db04892f6e7,common
172,0x57d3b15ae4ed00c7e32ecedefc246db04892f6e7,common
1242,0x9705a11599b52460246db1cd4cdc73198c2b6405,common
862,0x57d3b15ae4ed00c7e32ecedefc246db04892f6e7,common
945,0x22cbde853a50db5a036e5d62b1c82490465557c0,common
356,0x22cbde853a50db5a036e5d62b1c82490465557c0,common
109,0x83bdd0837a2e9fbb0af7d4d6ba80727ccd469c55,common
502,0x3ad650595c8ef4e8803c8087a5858beba2c2bea3,common
175,0x2c2add1c863551a0644876be227604c8e458dd7e,common
443,0xfc864d1ff969599e7ea094e74d01f5e66f15e424,common
1465,0x22cbde853a50db5a036e5d62b1c82490465557c0,common
526,0xf380df71582107f1033e417ec4f421a4153d87ce,common
535,0xa7aa4b444a75f6df5fcae6e563755b14cf573728,common
1524,0xb7734b5c378fd169d2b9720d0d5ac1a7b30f9fc9,ultraRare
766,0x0833ff239c9635bb7c7d8d5ce99cab9b2b72636b,common
1192,0xfc864d1ff969599e7ea094e74d01f5e66f15e424,common
222,0x797520f471de8ec7b1e771e014149c4fd408367c,common
1081,0xfc864d1ff969599e7ea094e74d01f5e66f15e424,common
1460,0x0b62afd2d1ebe24750d9e41f50cd4c274b9228a7,common
703,0x009e5f0766f97721b5d9c63bcdbd3236ad741de2,common
1141,0x16aeac6eac4f832078008b09b246ef3a4b593935,common
387,0xfafbb149f0a7e2c768fe6151a1fc0d69bc7b57ee,common
749,0xfa463f7606315319098b11a9567102421c432001,common
1003,0x59f2052a3ff8cdfe4cbaae027364bdfe52715e33,common
1481,0xfc864d1ff969599e7ea094e74d01f5e66f15e424,common
1348,0x68c4543e00cf0a9aa186fb4ae190ce3fd430ddc7,common
678,0xb74bec8478810d747c95a80ee3943daa0b50a795,common
649,0xa65222240dd864a1796b318a891d2f50a6f24df5,common
1396,0xb585b60de71e48032e8c19b90896984afc6a660d,common
686,0xfa07eeb8aee297ecd56c9eff704e895e04b9129c,common
56,0x13f747bac002b315c434dacc33c37738be51349e,common
960,0x0067dccadff37862631ef6310bffd19942ec1d3d,common
1372,0x532d373ddce3de8d7270e566458fc5827f321675,common
1236,0xb407763f587f5f8726dcc9eeb7a72c402117016a,common
517,0x16aeac6eac4f832078008b09b246ef3a4b593935,common
165,0x35e7c849021957f57d8d3e5daf2d46bfadfd9c04,common
83,0xf0935d6297d7a9c6dc61994f150ba21778c4a127,common
245,0xf657916214e08a02314f221b118d6af69b922829,common
777,0x6bb43817152d40193bdd77ca8386d23eaccb014e,common
682,0xf7ddffa77bdca4e6fef281d47de24158f7071fa8,common
75,0xb407763f587f5f8726dcc9eeb7a72c402117016a,common
1090,0x88d93e522dd5cd76cbb7eb585a433f06ae33ba6d,common
114,0xc17c0fd474a06b77e0e596a3f835d5be97d6b531,common
263,0x6bb43817152d40193bdd77ca8386d23eaccb014e,common
35,0x06c4eca797eed5e8345543d88690108850a5b7a8,common
918,0xd28b7125ecd96032d519d0aacc4729e23ed977f7,common
228,0xf41e85e898597be250791e0034eee79029a535aa,common
1248,0xe0c4a6989d0a79f48ec90f930665db6762820bf4,common
1120,0x88d93e522dd5cd76cbb7eb585a433f06ae33ba6d,common
696,0xbe6f5437c3c73fa238628fb5da61a1a07ea0e8f5,common
241,0x1d7224f0070f26e1fb05d7891b06ad6f746f7f20,common
1340,0x5d159f3524f26441fbda1758a4a6528ec77e36e1,common
1487,0xb585b60de71e48032e8c19b90896984afc6a660d,common
931,0xf398fb139f52772fda77d19c85fe5f2f4b9bcd34,common
1399,0xc167f35523ab70475946986b290fa516c2739e5e,common
1223,0xe8bc429b5395962f3dc56d676d86d4c3293df30c,common
1464,0x30400d55f2eb5adff56e4b5041d459dbddc1b9f0,common
1160,0x4745ac0273d4c045ce38fd5649afaf9f7987b9de,common
410,0x523ff3e142f822e2158f3802d9bcb6f28977441e,common
1137,0xcb309124a136e7f5ca8d855e6eb43067ff2f0b94,common
1320,0x3dbdac1c208a8d3a4227f094a1bc2301869e792b,common
839,0x726b0bd8370a6e582f1c13623e5b4e791c800b25,common
750,0x292b71fff0197bc599e6aa030c2fe16429adc685,common
995,0xaf2d7878c99601f1a397bfa99bfafe000aa9efe2,common
802,0xba68261a0f9b548c6c21d798d1bb3d6ce2be105d,common
483,0xfa847d9c60656ff11e04d309f79ceacf3d00e111,common
592,0x906e14601ea344b3cd024145f767673498249a85,common
476,0x7753f28802a5459aa3508b29fa4464eea95ce674,common
488,0xb5bf4a3d62287eb87aa7d0ad3f4771cc7f35d780,common
328,0x3599868db4989ed40d85d646a77194512a6854ee,common
396,0xf7ddffa77bdca4e6fef281d47de24158f7071fa8,common
237,0x776da8e3c7f6b5bb8e3d8db52d282274feaf737b,common
207,0x387a576e3e058ab04150607c7da48a83981b466b,common
85,0xe6a92cf7d584d238e34960fcb2b1386b0f6f4432,common
698,0x2b0ad6566c62a9a859af6e46094a6881850b78b3,common
463,0x22cbde853a50db5a036e5d62b1c82490465557c0,common
672,0x22cbde853a50db5a036e5d62b1c82490465557c0,common
457,0x22cbde853a50db5a036e5d62b1c82490465557c0,common
1410,0x57d3b15ae4ed00c7e32ecedefc246db04892f6e7,common
773,0xb40cd6fc02b2c1f26b8373c373f0f4feefc749a9,common
864,0xb40cd6fc02b2c1f26b8373c373f0f4feefc749a9,common
1324,0xce2d451b77c439d01b598a716e928edf3d735547,common
419,0x91f7c44ff8900bf68cedce1722cd8dcfbe772b69,common
648,0x22cbde853a50db5a036e5d62b1c82490465557c0,common
571,0xe1a96450a0178d93e8acc71b1a3230eca4ab8046,common
545,0x61e07007f6500decc32d0adad8ba726f4c25aa1d,common
293,0x9705a11599b52460246db1cd4cdc73198c2b6405,common
1475,0x5ed7be27722ed1ffb7fff525557d83692d981d9c,common
250,0x22cbde853a50db5a036e5d62b1c82490465557c0,common
1001,0xdbc389c20c85a7cc741fcc8d9b479059419b06ed,common
606,0x9adae572f7775c5c0364b6404822f7d74308fe1e,common
922,0x9b87a7687312e050bbb99f993f467a0cb2bc6340,common
598,0x57d3b15ae4ed00c7e32ecedefc246db04892f6e7,common
900,0x35d752550343f14f66893fc884ac4074aa4d3909,common
1496,0x9705a11599b52460246db1cd4cdc73198c2b6405,common
956,0xc91768bbb0b64cad9ce3311f6799ec4126ce8bdf,common
1394,0xc91768bbb0b64cad9ce3311f6799ec4126ce8bdf,common
886,0x9705a11599b52460246db1cd4cdc73198c2b6405,common
458,0x9705a11599b52460246db1cd4cdc73198c2b6405,common
852,0x57d3b15ae4ed00c7e32ecedefc246db04892f6e7,common
1144,0x57d3b15ae4ed00c7e32ecedefc246db04892f6e7,common
1043,0x57d3b15ae4ed00c7e32ecedefc246db04892f6e7,common
389,0x57d3b15ae4ed00c7e32ecedefc246db04892f6e7,common
539,0x174fdddead0827ad5184ba8487326a719de9d5de,common
1435,0x22cbde853a50db5a036e5d62b1c82490465557c0,common
1246,0x94fd828870b037c5d7d9648c8fb2171580b3017f,common
836,0x22cbde853a50db5a036e5d62b1c82490465557c0,common
1051,0x22cbde853a50db5a036e5d62b1c82490465557c0,common
403,0xb0eb61d1faa32a29ca54ad874a998d12d8ad397e,common
375,0x22cbde853a50db5a036e5d62b1c82490465557c0,common
0,0xd28b7125ecd96032d519d0aacc4729e23ed977f7,ultraRare
888,0xa7aa4b444a75f6df5fcae6e563755b14cf573728,common
1309,0xfc864d1ff969599e7ea094e74d01f5e66f15e424,common
492,0x6c5d429256a093e015144f44dcb5be57311c3c0b,common
991,0x22cbde853a50db5a036e5d62b1c82490465557c0,common
354,0xfc864d1ff969599e7ea094e74d01f5e66f15e424,common
123,0xfc864d1ff969599e7ea094e74d01f5e66f15e424,common
1400,0xfc864d1ff969599e7ea094e74d01f5e66f15e424,common
557,0xfc864d1ff969599e7ea094e74d01f5e66f15e424,common
1289,0xcf09da9ad381e4fbaa5eac7d36494f8f9c35df3e,common
883,0xc2a6552b71a66967ccc525c0d787936429b55f26,common
1129,0x0b62afd2d1ebe24750d9e41f50cd4c274b9228a7,common
1490,0x3e5bd8df101df3195e251ae68fd070d22a089c40,common
1098,0xce7aa7f1f57ce772edb0af0b5193dee0cc2c10b0,common
321,0xfa463f7606315319098b11a9567102421c432001,common
134,0xab366b395c0e31eaa8b223d2c518e6c8cb3c9d56,common
958,0xced183f3efe63c054f36bc2d701cfe4631e61f1a,common
168,0x17ca69862326986e834ddb65644b7f811551612a,common
69,0x86682ab52b1319db3d7b08d9ad2357d6d4905351,common
828,0x0067dccadff37862631ef6310bffd19942ec1d3d,common
383,0xfc864d1ff969599e7ea094e74d01f5e66f15e424,common
480,0x0b62afd2d1ebe24750d9e41f50cd4c274b9228a7,common
656,0x35e7c849021957f57d8d3e5daf2d46bfadfd9c04,common
850,0xc6d84b7333ccf2db3362f5acd944da2dcc304d06,common
341,0x97e8fe67043bf942ef67bc8cf0308df206cd836a,common
1107,0xb407763f587f5f8726dcc9eeb7a72c402117016a,common
98,0x785c8d210ab8888da6d121faa0a9568f75400b13,common
430,0x4bd04cc5d3231749536a9f47892d759566b31728,common
1437,0x88d93e522dd5cd76cbb7eb585a433f06ae33ba6d,common
576,0x715827b032ee079b013437acd7bf52dae797de77,common
70,0x7aa0acb983101da638bbbf26bc3af530829067de,common
361,0xce18fe4ae2b3679a2a87214694501a2eb795f015,common
1191,0x387a576e3e058ab04150607c7da48a83981b466b,common
338,0x1d7224f0070f26e1fb05d7891b06ad6f746f7f20,common
953,0xc6d84b7333ccf2db3362f5acd944da2dcc304d06,common
315,0x8bde4389216b05935bdae90971e2ab9dd874b419,common
431,0xc17c0fd474a06b77e0e596a3f835d5be97d6b531,common
28,0x06c4eca797eed5e8345543d88690108850a5b7a8,common
1297,0x88bd9a49f6444b88a1e326a1929c91145141dc62,common
902,0x532d373ddce3de8d7270e566458fc5827f321675,common
795,0xc17c0fd474a06b77e0e596a3f835d5be97d6b531,common
391,0x523ff3e142f822e2158f3802d9bcb6f28977441e,common
590,0x523ff3e142f822e2158f3802d9bcb6f28977441e,common
1513,0x6fb759d1295d0cf8863c4a3f14981b4c8117e3b5,common
803,0x1166e7fd704d5b1f30ceb67cd1bf5233d74e450c,common
1076,0x88d93e522dd5cd76cbb7eb585a433f06ae33ba6d,common
1392,0x13eee41d67b8d99e11174161d72cf8ccd194458c,common
1162,0x1c48a708fd5206d442cb3ed7a8397590af103591,common
1310,0xe67252761511d6e2a98684425eaaf3468fd9b82b,common
1220,0x021fdded7ad6902627b57e76c90511fd70b36f29,common
1102,0x6a326007b12a16c1f47ea0078a693dece6882d43,common
1011,0x3c935902de787966b2107550460ff3c10c0e7fbe,common
482,0xe5cb05aee78d01fd7869e4a872a2fb01527dc904,common
901,0x0fe7f67e69bf5bddac5bef2170b547f9b724ad15,common
800,0xf9c9941311468fa57a7a12bb123669b2c10ae49e,common
663,0xa27da2c45ce69252d14b6f240ac21f1db8e3adc4,common
732,0xf84faf7932321a90db0efc3970305f505a0e6b60,common
522,0x932e703fe5d062a2a3df76c0f4defef20268810e,common
343,0x3fb2fdec2cdd318d099dbbc75b0f645a3a1bca78,common
497,0x0a7d8972042f8c2bda7a8c58817ddb12c13a134c,common
200,0x73cecb4d2ed0faf51246c7efd47701d2654e61e3,common
4,0x679f4e7c837abd5f5ab0765addc4103a552af4ac,ultraRare
243,0x5e28a206e82529285f64b8559682c73db3993ae6,common
302,0x1166e7fd704d5b1f30ceb67cd1bf5233d74e450c,common
20,0xb74bec8478810d747c95a80ee3943daa0b50a795,ultraRare
385,0x35d752550343f14f66893fc884ac4074aa4d3909,common
863,0xc91768bbb0b64cad9ce3311f6799ec4126ce8bdf,common
1303,0x35d752550343f14f66893fc884ac4074aa4d3909,common
1388,0x35d752550343f14f66893fc884ac4074aa4d3909,common
1207,0x0833ff239c9635bb7c7d8d5ce99cab9b2b72636b,common
635,0x268520585d22f58b804a67b3e4a81387e99da0fb,common
1213,0x268520585d22f58b804a67b3e4a81387e99da0fb,common
1240,0x9705a11599b52460246db1cd4cdc73198c2b6405,common
180,0x5af48c2aae5d1d87224ad5643eaa39018bf8b441,common
54,0x268520585d22f58b804a67b3e4a81387e99da0fb,common
604,0x9705a11599b52460246db1cd4cdc73198c2b6405,common
307,0x9705a11599b52460246db1cd4cdc73198c2b6405,common
162,0x268520585d22f58b804a67b3e4a81387e99da0fb,common
547,0x268520585d22f58b804a67b3e4a81387e99da0fb,common
1395,0x4f84ea6df2282d2ecbb360bd0309b5151b37a68f,common
450,0x57d3b15ae4ed00c7e32ecedefc246db04892f6e7,common
111,0x22cbde853a50db5a036e5d62b1c82490465557c0,common
1024,0x0d521de58fa8559b8d212c45b951ab8f8abed30f,common
442,0x9705a11599b52460246db1cd4cdc73198c2b6405,common
453,0x9705a11599b52460246db1cd4cdc73198c2b6405,common
393,0x9705a11599b52460246db1cd4cdc73198c2b6405,common
493,0x9705a11599b52460246db1cd4cdc73198c2b6405,common
615,0x35d752550343f14f66893fc884ac4074aa4d3909,common
22,0x57d3b15ae4ed00c7e32ecedefc246db04892f6e7,common
714,0x9705a11599b52460246db1cd4cdc73198c2b6405,common
973,0x433ccbaafe4bd2ab5de9def6b7da1ba154d3957c,common
1221,0x57d3b15ae4ed00c7e32ecedefc246db04892f6e7,common
1382,0xf22b63bfaf049c9a91e9933b962131dbddafc838,common
217,0xfc864d1ff969599e7ea094e74d01f5e66f15e424,common
580,0x57d3b15ae4ed00c7e32ecedefc246db04892f6e7,common
523,0x9adae572f7775c5c0364b6404822f7d74308fe1e,common
1517,0x22cbde853a50db5a036e5d62b1c82490465557c0,common
620,0x316845d74319befa1d32e6e34a0358cb2ffb2341,common
763,0x3c2c55a53694b56fe8e0ba46124ee04404f3c8c2,common
778,0x94fd828870b037c5d7d9648c8fb2171580b3017f,common
367,0xfc864d1ff969599e7ea094e74d01f5e66f15e424,common
214,0xfc864d1ff969599e7ea094e74d01f5e66f15e424,common
751,0x6c5d429256a093e015144f44dcb5be57311c3c0b,common
1228,0xf380df71582107f1033e417ec4f421a4153d87ce,common
500,0x22cbde853a50db5a036e5d62b1c82490465557c0,common
1033,0xb6a2d364147894908511006e7021b1e321cede85,common
1194,0xfc864d1ff969599e7ea094e74d01f5e66f15e424,common
1459,0x6cbae2a966c9bfac13a97b93427e2edffbcfc2d0,common
319,0x3ea088e553232e7ed5c43678cd614b32bd8c04e3,common
265,0xfc864d1ff969599e7ea094e74d01f5e66f15e424,common
725,0xfc864d1ff969599e7ea094e74d01f5e66f15e424,common
193,0x3bdcabe84c76af69ec4c0715ac3b09cbc56651ca,common
266,0xfc864d1ff969599e7ea094e74d01f5e66f15e424,common
1288,0xfc864d1ff969599e7ea094e74d01f5e66f15e424,common
137,0xb585b60de71e48032e8c19b90896984afc6a660d,common
1472,0x86682ab52b1319db3d7b08d9ad2357d6d4905351,common
1522,0x81d86faf587daea18497103666dcfd8f369d61c8,common
505,0xd5d3cdfebdab8438cd7508b7ec6b56050df5b77e,common
1489,0xfa463f7606315319098b11a9567102421c432001,common
744,0xfc864d1ff969599e7ea094e74d01f5e66f15e424,common
508,0x9fc0cf582165b50c461c78dabba8e8e58efdc906,common
601,0xf0935d6297d7a9c6dc61994f150ba21778c4a127,common
959,0xfb8ac1dd26c1a0b13158c25cce36361da41d5cfe,common
772,0x785c8d210ab8888da6d121faa0a9568f75400b13,common
81,0x5af48c2aae5d1d87224ad5643eaa39018bf8b441,common
1419,0x77d4d7ed546b19077720eda2be8c847a1c358125,common
827,0x88d93e522dd5cd76cbb7eb585a433f06ae33ba6d,common
761,0x35e7c849021957f57d8d3e5daf2d46bfadfd9c04,common
869,0x8d87554a74286ede5d2af3e0d8331a26943b28c8,common
373,0x423240bab9457f4ae3a69de5d6ad10f07dca1623,common
1448,0xb407763f587f5f8726dcc9eeb7a72c402117016a,common
578,0x002d8266b401b4910535696f51ef3e789a7229c2,common
689,0x88d93e522dd5cd76cbb7eb585a433f06ae33ba6d,common
489,0x675049bd1345d20279b43c40e7474c335dbe755e,common
1353,0xf941b4ae5910e9bf9a2731b4f05d9bed77edfa9a,common
1377,0x532d373ddce3de8d7270e566458fc5827f321675,common
29,0x06c4eca797eed5e8345543d88690108850a5b7a8,common
970,0x435fe0a68feb35dfdbaabf3845c09f9a482564a2,common
1321,0xc6d84b7333ccf2db3362f5acd944da2dcc304d06,common
856,0x1f8dd194700bd78188f0977294edbaad929d5e1d,common
290,0x1f8dd194700bd78188f0977294edbaad929d5e1d,common
1054,0x1d7224f0070f26e1fb05d7891b06ad6f746f7f20,common
676,0xc17c0fd474a06b77e0e596a3f835d5be97d6b531,common
1379,0xd47d3e406a8ffa5d08935263e72961d7bba26078,common
1515,0xd807142ba54bfbe2388558c5be9ff558ad5be98a,common
47,0x86e96bdfce8e514ed5f59595ffc448e642bd78d0,common
420,0x523ff3e142f822e2158f3802d9bcb6f28977441e,common
1352,0xbee1f7e369b3271088ed58bf225df13cd96d32d5,common
1039,0xbb227b2dfb3fc92a2813d625aec609a2fabc4a66,common
1095,0x6b9695bab373b5753d018f336a1b89ee27e89c9b,common
1265,0x0006e488a82b3048906907b93544ca30075b0f53,common
1181,0xcb96ba0031427d79bc9bf6162b85126e791f4a70,common
894,0x3ab86a7bf54174fc67aee1048667a09ecd96362a,common
755,0x8aeccd002bc82e4edd2adedc6b97839a394a1dc9,common
668,0xdfc88dcdcaaab27d50ed9502c74a5d6b3b2a0816,common
706,0xbcc9e5ec5bfce295e0051079f49e8f2a9e07fe9b,common
645,0x65ddd0131ebc701ff6b62639c743f610b7107b14,common
167,0x8dc21c6f7a26ac96ecbb47451743b208078a7917,common
456,0x47a51e662e5a777cc969a0895a41f323d9b7749b,common
554,0xee182cf9aaf7fd885237b1ccfeb5f6d13caf591b,common
301,0x5d47f7cab99eb4f781478f7cafb3b657dabd107d,common
376,0x438dc9d1fe0da3395e2373a925d5398e52dbe1bf,common
249,0x124d05e1cf1316141463224e3b9a9592044ee325,common
105,0x6fcc6a63d5a88d11db950dd030e78a20969ef28e,common
1254,0x9705a11599b52460246db1cd4cdc73198c2b6405,common
1066,0x9705a11599b52460246db1cd4cdc73198c2b6405,common
974,0x9705a11599b52460246db1cd4cdc73198c2b6405,common
1172,0x9705a11599b52460246db1cd4cdc73198c2b6405,common
654,0x9705a11599b52460246db1cd4cdc73198c2b6405,common
979,0x9705a11599b52460246db1cd4cdc73198c2b6405,common
1108,0x9705a11599b52460246db1cd4cdc73198c2b6405,common
1381,0x9705a11599b52460246db1cd4cdc73198c2b6405,common
470,0x9705a11599b52460246db1cd4cdc73198c2b6405,common
807,0x9705a11599b52460246db1cd4cdc73198c2b6405,common
1512,0x9705a11599b52460246db1cd4cdc73198c2b6405,common
440,0x9705a11599b52460246db1cd4cdc73198c2b6405,common
1501,0x9705a11599b52460246db1cd4cdc73198c2b6405,common
362,0x9705a11599b52460246db1cd4cdc73198c2b6405,common
739,0x9705a11599b52460246db1cd4cdc73198c2b6405,common
524,0x9705a11599b52460246db1cd4cdc73198c2b6405,common
510,0x9705a11599b52460246db1cd4cdc73198c2b6405,common
618,0x57d3b15ae4ed00c7e32ecedefc246db04892f6e7,common
380,0x9705a11599b52460246db1cd4cdc73198c2b6405,common
174,0x9705a11599b52460246db1cd4cdc73198c2b6405,common
966,0x9705a11599b52460246db1cd4cdc73198c2b6405,common
1171,0x9705a11599b52460246db1cd4cdc73198c2b6405,common
738,0x9705a11599b52460246db1cd4cdc73198c2b6405,common
1045,0x9705a11599b52460246db1cd4cdc73198c2b6405,common
569,0x57d3b15ae4ed00c7e32ecedefc246db04892f6e7,common
161,0x9705a11599b52460246db1cd4cdc73198c2b6405,common
895,0x57d3b15ae4ed00c7e32ecedefc246db04892f6e7,common
1263,0x57d3b15ae4ed00c7e32ecedefc246db04892f6e7,common
921,0x57d3b15ae4ed00c7e32ecedefc246db04892f6e7,common
1322,0x9705a11599b52460246db1cd4cdc73198c2b6405,common
792,0x57d3b15ae4ed00c7e32ecedefc246db04892f6e7,common
1457,0x9705a11599b52460246db1cd4cdc73198c2b6405,common
1036,0x57d3b15ae4ed00c7e32ecedefc246db04892f6e7,common
325,0x57d3b15ae4ed00c7e32ecedefc246db04892f6e7,common
1482,0x9705a11599b52460246db1cd4cdc73198c2b6405,common
525,0x57d3b15ae4ed00c7e32ecedefc246db04892f6e7,common
1068,0x0d521de58fa8559b8d212c45b951ab8f8abed30f,common
1488,0x22cbde853a50db5a036e5d62b1c82490465557c0,common
825,0x57d3b15ae4ed00c7e32ecedefc246db04892f6e7,common
1281,0x57d3b15ae4ed00c7e32ecedefc246db04892f6e7,common
1202,0x57d3b15ae4ed00c7e32ecedefc246db04892f6e7,common
1264,0xc45860c5d076e8bbc854c0873151c75202e958a9,common
589,0x95b929941e5581a7d65dba4d319279c5c693bd15,common
669,0x57d3b15ae4ed00c7e32ecedefc246db04892f6e7,common
485,0x22cbde853a50db5a036e5d62b1c82490465557c0,common
136,0x9705a11599b52460246db1cd4cdc73198c2b6405,common
148,0x9705a11599b52460246db1cd4cdc73198c2b6405,common
818,0x57d3b15ae4ed00c7e32ecedefc246db04892f6e7,common
291,0x57d3b15ae4ed00c7e32ecedefc246db04892f6e7,common
374,0x9705a11599b52460246db1cd4cdc73198c2b6405,common
637,0x57d3b15ae4ed00c7e32ecedefc246db04892f6e7,common
205,0x57d3b15ae4ed00c7e32ecedefc246db04892f6e7,common
1047,0x57d3b15ae4ed00c7e32ecedefc246db04892f6e7,common
1028,0x57d3b15ae4ed00c7e32ecedefc246db04892f6e7,common
1449,0x9705a11599b52460246db1cd4cdc73198c2b6405,common
1222,0x57d3b15ae4ed00c7e32ecedefc246db04892f6e7,common
1521,0x95a1b2e09d2c9d742098da59d630ad76e87d2132,common
788,0x57d3b15ae4ed00c7e32ecedefc246db04892f6e7,common
88,0x57d3b15ae4ed00c7e32ecedefc246db04892f6e7,common
767,0x57d3b15ae4ed00c7e32ecedefc246db04892f6e7,common
478,0x9705a11599b52460246db1cd4cdc73198c2b6405,common
1217,0x22cbde853a50db5a036e5d62b1c82490465557c0,common
1343,0x22cbde853a50db5a036e5d62b1c82490465557c0,common
892,0x57d3b15ae4ed00c7e32ecedefc246db04892f6e7,common
1498,0x22cbde853a50db5a036e5d62b1c82490465557c0,common
1477,0x57d3b15ae4ed00c7e32ecedefc246db04892f6e7,common
1438,0x57d3b15ae4ed00c7e32ecedefc246db04892f6e7,common
1518,0x9128c3292764c4e7f08c7f9c8c1a76aaf4f32c00,common
949,0x57d3b15ae4ed00c7e32ecedefc246db04892f6e7,common
133,0x95a1b2e09d2c9d742098da59d630ad76e87d2132,common
126,0xdfced9cbc2bb74b73e4740b01d9b27d4171aa17f,common
1145,0x22cbde853a50db5a036e5d62b1c82490465557c0,common
588,0x57d3b15ae4ed00c7e32ecedefc246db04892f6e7,common
946,0x22cbde853a50db5a036e5d62b1c82490465557c0,common
1053,0x2d58a8f567c080096c95694e0abceab5fb57b4c5,common
1467,0x57d3b15ae4ed00c7e32ecedefc246db04892f6e7,common
394,0xfc864d1ff969599e7ea094e74d01f5e66f15e424,common
398,0x95a1b2e09d2c9d742098da59d630ad76e87d2132,common
1253,0x57d3b15ae4ed00c7e32ecedefc246db04892f6e7,common
1387,0x57d3b15ae4ed00c7e32ecedefc246db04892f6e7,common
1476,0x22cbde853a50db5a036e5d62b1c82490465557c0,common
479,0xfc864d1ff969599e7ea094e74d01f5e66f15e424,common
851,0x94fd828870b037c5d7d9648c8fb2171580b3017f,common
675,0x83bdd0837a2e9fbb0af7d4d6ba80727ccd469c55,common
1503,0xc91768bbb0b64cad9ce3311f6799ec4126ce8bdf,common
1304,0x83bdd0837a2e9fbb0af7d4d6ba80727ccd469c55,common
1416,0xfc864d1ff969599e7ea094e74d01f5e66f15e424,common
1393,0xfc864d1ff969599e7ea094e74d01f5e66f15e424,common
797,0x83bdd0837a2e9fbb0af7d4d6ba80727ccd469c55,common
1203,0x22cbde853a50db5a036e5d62b1c82490465557c0,common
878,0x57d3b15ae4ed00c7e32ecedefc246db04892f6e7,common
1286,0x22cbde853a50db5a036e5d62b1c82490465557c0,common
855,0x94fd828870b037c5d7d9648c8fb2171580b3017f,common
1,0x95a1b2e09d2c9d742098da59d630ad76e87d2132,ultraRare
212,0x22cbde853a50db5a036e5d62b1c82490465557c0,common
74,0xf9d4d24423eb947abbd5b9181d34a9fc97c8868d,common
747,0x22cbde853a50db5a036e5d62b1c82490465557c0,common
1059,0xfcd26aebc8400caabeee2819a2e95cda9f9b0a3f,common
156,0xbae7fbb2231644b55305d8f9589af5cd1e892dc4,common
1397,0x22cbde853a50db5a036e5d62b1c82490465557c0,common
255,0xfc864d1ff969599e7ea094e74d01f5e66f15e424,common
695,0xfc864d1ff969599e7ea094e74d01f5e66f15e424,common
504,0x22cbde853a50db5a036e5d62b1c82490465557c0,common
17,0xfc864d1ff969599e7ea094e74d01f5e66f15e424,ultraRare
1130,0xfcd26aebc8400caabeee2819a2e95cda9f9b0a3f,common
1026,0xf33b295b8b3a0671b20913c0a4068aad24cdf89b,common
610,0x22cbde853a50db5a036e5d62b1c82490465557c0,common
1048,0x22cbde853a50db5a036e5d62b1c82490465557c0,common
1450,0x22cbde853a50db5a036e5d62b1c82490465557c0,common
1044,0x22cbde853a50db5a036e5d62b1c82490465557c0,common
801,0x94fd828870b037c5d7d9648c8fb2171580b3017f,common
155,0xfc864d1ff969599e7ea094e74d01f5e66f15e424,common
756,0xfc864d1ff969599e7ea094e74d01f5e66f15e424,common
61,0x22cbde853a50db5a036e5d62b1c82490465557c0,common
1474,0xfc864d1ff969599e7ea094e74d01f5e66f15e424,common
607,0xfc864d1ff969599e7ea094e74d01f5e66f15e424,common
1079,0xfc864d1ff969599e7ea094e74d01f5e66f15e424,common
1155,0xfc864d1ff969599e7ea094e74d01f5e66f15e424,common
507,0xfc864d1ff969599e7ea094e74d01f5e66f15e424,common
1067,0xfc864d1ff969599e7ea094e74d01f5e66f15e424,common
1363,0xfc864d1ff969599e7ea094e74d01f5e66f15e424,common
1520,0x87be2dae279a59a419655aadce2cb3ae30810b53,common
927,0x22cbde853a50db5a036e5d62b1c82490465557c0,common
667,0xfc864d1ff969599e7ea094e74d01f5e66f15e424,common
688,0x83bdd0837a2e9fbb0af7d4d6ba80727ccd469c55,common
847,0x22cbde853a50db5a036e5d62b1c82490465557c0,common
694,0x22cbde853a50db5a036e5d62b1c82490465557c0,common
1187,0x09fcaaa4c688da30a74fb45f33506a184f205b01,common
1215,0x22cbde853a50db5a036e5d62b1c82490465557c0,common
264,0xfc864d1ff969599e7ea094e74d01f5e66f15e424,common
981,0x43ff0b5dc9d2e0f23365d2bcecd912095a39fc10,common
1511,0xfc864d1ff969599e7ea094e74d01f5e66f15e424,common
914,0x12bc68b24cc162ce8f75c808621a1db40427850d,common
1440,0x913a7db159d3ed8685b77ba2d103e54d65e965b0,common
943,0x7eb5e105e74c87f84060aad54017f4965dd42e3c,common
1408,0x22cbde853a50db5a036e5d62b1c82490465557c0,common
1308,0x22cbde853a50db5a036e5d62b1c82490465557c0,common
1365,0xfc864d1ff969599e7ea094e74d01f5e66f15e424,common
813,0x22cbde853a50db5a036e5d62b1c82490465557c0,common
377,0xfc864d1ff969599e7ea094e74d01f5e66f15e424,common
952,0x532d373ddce3de8d7270e566458fc5827f321675,common
558,0xfc864d1ff969599e7ea094e74d01f5e66f15e424,common
989,0xfc864d1ff969599e7ea094e74d01f5e66f15e424,common
272,0x258ab312db3f2130295807b4ec3ce20918b79c95,common
633,0x3e5bd8df101df3195e251ae68fd070d22a089c40,common
1351,0xfc864d1ff969599e7ea094e74d01f5e66f15e424,common
1389,0x878d8edd0e7cbdbb190b3832cf3263a3a9c520ed,common
561,0x362ecc98987252179c798c2e4900b49db772d447,common
933,0x75fe6f9af2e4b4fb9e86ebe26bb31162d292b315,common
448,0xb585b60de71e48032e8c19b90896984afc6a660d,common
1318,0x4150220dab02ad6a4e241bfe254ecf391b5a4f28,common
585,0x03f2853d7aeff3dc65c6dc070c74a4dfb501cadb,common
229,0xfc864d1ff969599e7ea094e74d01f5e66f15e424,common
925,0xfa463f7606315319098b11a9567102421c432001,common
954,0xd5d3cdfebdab8438cd7508b7ec6b56050df5b77e,common
762,0x3fb95ca7f4a870c59f981b5570cffb3b883e0778,common
1084,0x16aeac6eac4f832078008b09b246ef3a4b593935,common
1094,0xb407763f587f5f8726dcc9eeb7a72c402117016a,common
1287,0x419bb859a1e0b213769646493585a1d36b6eba60,common
1200,0x88d93e522dd5cd76cbb7eb585a433f06ae33ba6d,common
638,0x4727bc2c10d40db96e694e2cf0820e217aa5fb68,common
100,0xf0935d6297d7a9c6dc61994f150ba21778c4a127,common
270,0xf7ddffa77bdca4e6fef281d47de24158f7071fa8,common
1027,0x1f8dd194700bd78188f0977294edbaad929d5e1d,common
1148,0x35e7c849021957f57d8d3e5daf2d46bfadfd9c04,common
1020,0x50322f0df2f9f7d7ac00cb3851d4bfa5922264d4,common
12,0xbb393a5e614704f5aec87d4b06e047ba23ec19ce,ultraRare
661,0xc6d84b7333ccf2db3362f5acd944da2dcc304d06,common
572,0x88bd9a49f6444b88a1e326a1929c91145141dc62,common
1425,0x1f8dd194700bd78188f0977294edbaad929d5e1d,common
1411,0x4bd04cc5d3231749536a9f47892d759566b31728,common
577,0xf41e85e898597be250791e0034eee79029a535aa,common
437,0xd28b7125ecd96032d519d0aacc4729e23ed977f7,common
1235,0xf941b4ae5910e9bf9a2731b4f05d9bed77edfa9a,common
848,0xf945ebec0385835a184d266cd3b6f38b6800d9f9,common
345,0x3f457ead446a52db61801803338c3dcdc68c712f,common
1112,0xc17c0fd474a06b77e0e596a3f835d5be97d6b531,common
1050,0xc6d84b7333ccf2db3362f5acd944da2dcc304d06,common
882,0x3803431f81fde7239c6947b09bdc02a8beac6ebc,common
1485,0x7ea8851a648fa5d8c9ec06ca7a477d6f0b8107ab,common
296,0x523ff3e142f822e2158f3802d9bcb6f28977441e,common
867,0x86e96bdfce8e514ed5f59595ffc448e642bd78d0,common
66,0xee182cf9aaf7fd885237b1ccfeb5f6d13caf591b,common
191,0xb407763f587f5f8726dcc9eeb7a72c402117016a,common
1261,0x7075dd4116d38f1df6a2d9d782b1286a31d763e7,common
1335,0x774945f69ee6fbae648a4d479c605d1d09c489f1,common
597,0x7c730b33cc68c99cf384d287a207ea910367f561,common
948,0xcf7e47e738439bd6bbfadd3ab8a46ff69b1d2a9c,common
1196,0x1d350bb75bbffcae39afe39943244f1c351b1af3,common
1239,0x1bd3be4c9d49eb01b3503fe9b36876ffef2ec151,common
915,0xbf53b4c72ccb766e536f2ce8745f483128ffa108,common
530,0x83581af980043768e5304937372d73dbaf0cfafa,common
226,0x8c7cbf4da230b647c35272b34587d00730eb93b5,common
206,0xe9a49aefa870b52848bfc5e2e833f67f995ed1e7,common
520,0x9f5edf06515928fe3615c05cc608c168fc4cc442,common
390,0x5f2d3485036d51411c493bb79d2081f209269e6e,common
474,0x5e23ccf10d6194eafc6dd4e1fd8aa2f6afe4c3b7,common
329,0x941c9a91c4f2819950c40870e1b0c7b56f09b881,common
276,0x068dae9dd68a18cdb9786247c59df48e126c289d,common
233,0x50322f0df2f9f7d7ac00cb3851d4bfa5922264d4,common
5,0xce18fe4ae2b3679a2a87214694501a2eb795f015,ultraRare
9,0x5bd8eff5967b1f1812fda2d5e5802d28d1cd793c,legendary
498,0x87be2dae279a59a419655aadce2cb3ae30810b53,common
1510,0x12bc68b24cc162ce8f75c808621a1db40427850d,common
710,0xb0eb61d1faa32a29ca54ad874a998d12d8ad397e,common
1314,0x258ab312db3f2130295807b4ec3ce20918b79c95,common
1451,0x3c2c55a53694b56fe8e0ba46124ee04404f3c8c2,common
1007,0x258ab312db3f2130295807b4ec3ce20918b79c95,common
117,0x797520f471de8ec7b1e771e014149c4fd408367c,common
1078,0x22cbde853a50db5a036e5d62b1c82490465557c0,common
1256,0x0d84fbc5cd447160fbe09ccff0fd157619d129ec,common
378,0xea640e7bf6e87384f6eb259add1ee806ab2fa5cf,common
247,0xf380df71582107f1033e417ec4f421a4153d87ce,common
1523,0x3599868db4989ed40d85d646a77194512a6854ee,ultraRare
259,0x258ab312db3f2130295807b4ec3ce20918b79c95,common
11,0x22cbde853a50db5a036e5d62b1c82490465557c0,ultraRare
269,0x22cbde853a50db5a036e5d62b1c82490465557c0,common
170,0x22cbde853a50db5a036e5d62b1c82490465557c0,common
260,0xdb9b7a87a3a088520bea19da20f06c3d5b7ff9a0,common
441,0x981eccd1d218c05b66e36b66d80cf4fcdca07c02,common
1037,0xfc864d1ff969599e7ea094e74d01f5e66f15e424,common
627,0xb0eb61d1faa32a29ca54ad874a998d12d8ad397e,common
664,0x2dabf539491c2d0a86c875ce6fcb553da439f8e7,common
124,0x362ecc98987252179c798c2e4900b49db772d447,common
1424,0x258ab312db3f2130295807b4ec3ce20918b79c95,common
791,0x22cbde853a50db5a036e5d62b1c82490465557c0,common
1159,0xfc864d1ff969599e7ea094e74d01f5e66f15e424,common
119,0x797520f471de8ec7b1e771e014149c4fd408367c,common
917,0xbe9bd6f7f76d3b7139746c2e39c4cd586714de48,common
734,0xa7aa4b444a75f6df5fcae6e563755b14cf573728,common
435,0x009e5f0766f97721b5d9c63bcdbd3236ad741de2,common
671,0x981eccd1d218c05b66e36b66d80cf4fcdca07c02,common
97,0x0d84fbc5cd447160fbe09ccff0fd157619d129ec,common
720,0x0d521de58fa8559b8d212c45b951ab8f8abed30f,common
10,0x258ab312db3f2130295807b4ec3ce20918b79c95,ultraRare
129,0x098b5d26d9bcde9405bb6fe294e2bea89be4cd27,common
1182,0xd5fa3a6084d62bd74dd4a833c3320dae602bba32,common
23,0x5bd8eff5967b1f1812fda2d5e5802d28d1cd793c,common
837,0x857e72fbf579aa99e981e4cec3c7f291298fe875,common
1376,0xf380df71582107f1033e417ec4f421a4153d87ce,common
1299,0xf9961f36c8262561e08f44ee84e592fa32664126,common
204,0x913a7db159d3ed8685b77ba2d103e54d65e965b0,common
164,0x098b5d26d9bcde9405bb6fe294e2bea89be4cd27,common
1364,0xb585b60de71e48032e8c19b90896984afc6a660d,common
1390,0x098b5d26d9bcde9405bb6fe294e2bea89be4cd27,common
980,0xb0eb61d1faa32a29ca54ad874a998d12d8ad397e,common
898,0x0833ff239c9635bb7c7d8d5ce99cab9b2b72636b,common
1080,0xfc864d1ff969599e7ea094e74d01f5e66f15e424,common
49,0x913a7db159d3ed8685b77ba2d103e54d65e965b0,common
829,0xfc864d1ff969599e7ea094e74d01f5e66f15e424,common
299,0x0b62afd2d1ebe24750d9e41f50cd4c274b9228a7,common
752,0x5929e4fca80cb8d54848a0d190d64857f51a801b,common
608,0x797520f471de8ec7b1e771e014149c4fd408367c,common
817,0xfc864d1ff969599e7ea094e74d01f5e66f15e424,common
125,0xfc864d1ff969599e7ea094e74d01f5e66f15e424,common
685,0x32cabfe6e405fec5f341845b0f9ef72cf942324d,common
889,0xba9941758893819c506b79906a02ebdaac0e337c,common
1519,0x0833ff239c9635bb7c7d8d5ce99cab9b2b72636b,common
93,0xfc864d1ff969599e7ea094e74d01f5e66f15e424,common
77,0x59f2052a3ff8cdfe4cbaae027364bdfe52715e33,common
1284,0x362ecc98987252179c798c2e4900b49db772d447,common
1495,0x0aa3a9cb0a859790dc0fd097288f72982aa76af3,common
1441,0x679f4e7c837abd5f5ab0765addc4103a552af4ac,common
555,0x88b009970d6c2b2042adbee64afee6d0b5df5a71,common
1423,0xabf743f33901bd1d4ef10d202de31973544ecfea,common
691,0xf55542f5e866bfdebbd5ea09a5d747a97faa8527,common
120,0xfc864d1ff969599e7ea094e74d01f5e66f15e424,common
360,0x0833ff239c9635bb7c7d8d5ce99cab9b2b72636b,common
681,0xb585b60de71e48032e8c19b90896984afc6a660d,common
1023,0x178cb98e1a44f37b0d884b94dd7aa01cda00161d,common
1243,0x88d93e522dd5cd76cbb7eb585a433f06ae33ba6d,common
702,0x16aeac6eac4f832078008b09b246ef3a4b593935,common
57,0x3bdcabe84c76af69ec4c0715ac3b09cbc56651ca,common
844,0xabf743f33901bd1d4ef10d202de31973544ecfea,common
60,0xf272da84f95b482ad3b317f95c623bd8da4408a8,common
955,0x0b62afd2d1ebe24750d9e41f50cd4c274b9228a7,common
336,0xfafbb149f0a7e2c768fe6151a1fc0d69bc7b57ee,common
629,0xa308a4e00d3d3d15f7190cce7541ecc218bfad3a,common
153,0x009e5f0766f97721b5d9c63bcdbd3236ad741de2,common
138,0x0b62afd2d1ebe24750d9e41f50cd4c274b9228a7,common
950,0x009e5f0766f97721b5d9c63bcdbd3236ad741de2,common
434,0xfc864d1ff969599e7ea094e74d01f5e66f15e424,common
701,0x8d87554a74286ede5d2af3e0d8331a26943b28c8,common
999,0x0b62afd2d1ebe24750d9e41f50cd4c274b9228a7,common
775,0xbb393a5e614704f5aec87d4b06e047ba23ec19ce,common
1140,0xfc864d1ff969599e7ea094e74d01f5e66f15e424,common
1525,0x3599868db4989ed40d85d646a77194512a6854ee,ultraRare
254,0x0b62afd2d1ebe24750d9e41f50cd4c274b9228a7,common
1042,0x0d84fbc5cd447160fbe09ccff0fd157619d129ec,common
1006,0xf941b4ae5910e9bf9a2731b4f05d9bed77edfa9a,common
48,0x97e8fe67043bf942ef67bc8cf0308df206cd836a,common
643,0xf9961f36c8262561e08f44ee84e592fa32664126,common
658,0x0d84fbc5cd447160fbe09ccff0fd157619d129ec,common
213,0x913a7db159d3ed8685b77ba2d103e54d65e965b0,common
408,0xd9f46d58bdbca7b72f79d0130c2ab2142a2ad0d0,common
824,0x88d93e522dd5cd76cbb7eb585a433f06ae33ba6d,common
267,0x3e5bd8df101df3195e251ae68fd070d22a089c40,common
94,0xfa463f7606315319098b11a9567102421c432001,common
1367,0xc2a6552b71a66967ccc525c0d787936429b55f26,common
157,0x3c2c55a53694b56fe8e0ba46124ee04404f3c8c2,common
1434,0xce7aa7f1f57ce772edb0af0b5193dee0cc2c10b0,common
512,0xfc864d1ff969599e7ea094e74d01f5e66f15e424,common
79,0x87be2dae279a59a419655aadce2cb3ae30810b53,common
780,0x15b3dd661ddd4a1c322a8884fb965723b3978755,common
1326,0xce18fe4ae2b3679a2a87214694501a2eb795f015,common
122,0xfc864d1ff969599e7ea094e74d01f5e66f15e424,common
1439,0x3bdcabe84c76af69ec4c0715ac3b09cbc56651ca,common
1167,0x88d93e522dd5cd76cbb7eb585a433f06ae33ba6d,common
215,0x5f84a3bba2ffb4ecf5f49a1fba4662554b7ad9a9,common
181,0x178cb98e1a44f37b0d884b94dd7aa01cda00161d,common
491,0xfc864d1ff969599e7ea094e74d01f5e66f15e424,common
833,0xa308a4e00d3d3d15f7190cce7541ecc218bfad3a,common
64,0x0d521de58fa8559b8d212c45b951ab8f8abed30f,common
472,0x757056e3ab3c65c6c8c710f7e6f9a8327cc6bae7,common
59,0x0b62afd2d1ebe24750d9e41f50cd4c274b9228a7,common
318,0x641cf4f47ddfd1dac1bdee36069f09481064b031,common
465,0xaa53f9b198421ed41dc16c42f5463636386ed5c9,common
1295,0xfc864d1ff969599e7ea094e74d01f5e66f15e424,common
84,0xb585b60de71e48032e8c19b90896984afc6a660d,common
859,0xfc864d1ff969599e7ea094e74d01f5e66f15e424,common
327,0x362ecc98987252179c798c2e4900b49db772d447,common
951,0x16aeac6eac4f832078008b09b246ef3a4b593935,common
560,0x65ed3ce03e596fc38f52735a528a81f51446de16,common
573,0x35e7c849021957f57d8d3e5daf2d46bfadfd9c04,common
718,0x3bdcabe84c76af69ec4c0715ac3b09cbc56651ca,common
1262,0x03f2853d7aeff3dc65c6dc070c74a4dfb501cadb,common
939,0x0b62afd2d1ebe24750d9e41f50cd4c274b9228a7,common
116,0x6cbae2a966c9bfac13a97b93427e2edffbcfc2d0,common
121,0x362ecc98987252179c798c2e4900b49db772d447,common
411,0xa308a4e00d3d3d15f7190cce7541ecc218bfad3a,common
1342,0x8b7cd3d94fdc94ed9d916ecee93eb4149876c062,common
197,0x178cb98e1a44f37b0d884b94dd7aa01cda00161d,common
1152,0x03f2853d7aeff3dc65c6dc070c74a4dfb501cadb,common
503,0xfc864d1ff969599e7ea094e74d01f5e66f15e424,common
805,0x178cb98e1a44f37b0d884b94dd7aa01cda00161d,common
1375,0x412659290ef2ea70d9eeb21caace8262e9fb68a0,common
487,0x03f2853d7aeff3dc65c6dc070c74a4dfb501cadb,common
1491,0x4befc250a56ea4e70d8b0a7b66b2ebd87346b7bf,common
1151,0x641cf4f47ddfd1dac1bdee36069f09481064b031,common
1031,0xad601af99799b5bc17171c5b45e18a2a721f3196,common
359,0xced183f3efe63c054f36bc2d701cfe4631e61f1a,common
330,0x5ee50c69028cc6121982d6bf1abf95ed10d57d15,common
831,0xe0c4a6989d0a79f48ec90f930665db6762820bf4,common
1070,0x75cffe614b5260ccab0c2ea8929ad1847ef3594a,common
1368,0xd5d3cdfebdab8438cd7508b7ec6b56050df5b77e,common
1209,0x641cf4f47ddfd1dac1bdee36069f09481064b031,common
1111,0xa65222240dd864a1796b318a891d2f50a6f24df5,common
929,0xf9961f36c8262561e08f44ee84e592fa32664126,common
916,0x5d159f3524f26441fbda1758a4a6528ec77e36e1,common
905,0x5d159f3524f26441fbda1758a4a6528ec77e36e1,common
1407,0xced183f3efe63c054f36bc2d701cfe4631e61f1a,common
384,0x996d36a1f4dc7a497a685cd33356d2311fe9015f,common
1418,0xd5d3cdfebdab8438cd7508b7ec6b56050df5b77e,common
971,0xa07090391212ac56c8800ccafbe7e64d256d99f6,common
553,0x996d36a1f4dc7a497a685cd33356d2311fe9015f,common
467,0x996d36a1f4dc7a497a685cd33356d2311fe9015f,common
812,0xad601af99799b5bc17171c5b45e18a2a721f3196,common
1030,0x1f7434e905c5980666006af3189bc167af163fda,common
353,0xfc864d1ff969599e7ea094e74d01f5e66f15e424,common
737,0x000a317f1ffd2d3a118c502bb91199b19287f89c,common
1383,0xf941b4ae5910e9bf9a2731b4f05d9bed77edfa9a,common
1147,0x1282f34438cb205d201dd357398b85e7729dd3a2,common
1344,0xa65222240dd864a1796b318a891d2f50a6f24df5,common
1445,0x05c07e0f77cba3e660417ce8646abe29a21415fe,common
566,0x4bd04cc5d3231749536a9f47892d759566b31728,common
449,0x5f84a3bba2ffb4ecf5f49a1fba4662554b7ad9a9,common
644,0x996d36a1f4dc7a497a685cd33356d2311fe9015f,common
809,0xced183f3efe63c054f36bc2d701cfe4631e61f1a,common
787,0x7c02963b075198706e8f9b4448b78bfbc44d4890,common
923,0xb407763f587f5f8726dcc9eeb7a72c402117016a,common
1305,0xf9961f36c8262561e08f44ee84e592fa32664126,common
312,0xad601af99799b5bc17171c5b45e18a2a721f3196,common
659,0x03f2853d7aeff3dc65c6dc070c74a4dfb501cadb,common
1229,0xb0b7d6e113b53bf9db7582fb3fcda2dc3e77c8f8,common
38,0x06c4eca797eed5e8345543d88690108850a5b7a8,common
37,0x06c4eca797eed5e8345543d88690108850a5b7a8,common
44,0xf3954f2a3d4d0ea78ca9a6fd6161e0c4eac3768c,common
1338,0x188e836c5b5f52058ebef8fe1cddd1c04dcc73cd,common
842,0x512aad1d0e1492a9c4075aba58ce1a944a74f973,common
647,0x61e07007f6500decc32d0adad8ba726f4c25aa1d,common
1428,0xa02c7b8fa2790c9c559cddac698eb9a05fe6a693,common
997,0x88bd9a49f6444b88a1e326a1929c91145141dc62,common
1247,0x6c5d429256a093e015144f44dcb5be57311c3c0b,common
1183,0x7b92b2c907963bc39a7631c8bc6c3a39502cf673,common
363,0x523ff3e142f822e2158f3802d9bcb6f28977441e,common
1063,0x2be3fca1ea7fbd963c0348a8eea909493d645064,common
1121,0xac18554be093f4cc4d86ec996fc5ffa8ea14ab27,common
794,0xa70cd26269f289936853820aeb5aa76eda972e9f,common
1380,0x3d6f6043ffc09ad396535cdfacb6e4bc47668e02,common
745,0x58d7c556416d2b59e26e15177697b1daa9cd907b,common
346,0x1d7224f0070f26e1fb05d7891b06ad6f746f7f20,common
727,0x287077d5cf836c14b1b018e798e5cd86427d8c48,common
235,0x127fdc7bc6107356147983430f4828c1b4812801,common
273,0xf96ae35ca49a5c13c5b8d156a50a827f661b4794,common
13,0x87be2dae279a59a419655aadce2cb3ae30810b53,ultraRare
593,0x6b446b9a6bed0d5f4f5db577856156c1e18037ac,common
7,0x35e7c849021957f57d8d3e5daf2d46bfadfd9c04,ultraRare
349,0x9006c61b26adcc0980c07811f16391da5f53f498,common
150,0xefe1e61f0b2406d334f4a5530d10a17f3f22b1ee,common
3,0x88b009970d6c2b2042adbee64afee6d0b5df5a71,ultraRare
6,0x002d8266b401b4910535696f51ef3e789a7229c2,ultraRare
455,0xf3954f2a3d4d0ea78ca9a6fd6161e0c4eac3768c,common
724,0x97e8fe67043bf942ef67bc8cf0308df206cd836a,common
1486,0x996d36a1f4dc7a497a685cd33356d2311fe9015f,common
786,0x87400551706657c5b699032459415b847937b088,common
451,0x5af48c2aae5d1d87224ad5643eaa39018bf8b441,common
76,0xf0935d6297d7a9c6dc61994f150ba21778c4a127,common
1087,0xf6afd3f9b0bf86db5c0dd6ac68c60be2a9700145,common
1492,0x1f8dd194700bd78188f0977294edbaad929d5e1d,common
528,0xcbe5688cd9f2b70dad5026750da77ee861a93957,common
965,0x16aeac6eac4f832078008b09b246ef3a4b593935,common
1255,0x9a0f7d6b9a9868f63fc5c28dc3402f541b620b9b,common
427,0xaa5e9f0623b3fb1cc629c7698c5a143ed129b5e2,common
1252,0xad601af99799b5bc17171c5b45e18a2a721f3196,common
736,0x35e7c849021957f57d8d3e5daf2d46bfadfd9c04,common
1021,0xce7aa7f1f57ce772edb0af0b5193dee0cc2c10b0,common
130,0xe9a49aefa870b52848bfc5e2e833f67f995ed1e7,common
262,0x5af48c2aae5d1d87224ad5643eaa39018bf8b441,common
533,0xf657916214e08a02314f221b118d6af69b922829,common
1412,0xe9a49aefa870b52848bfc5e2e833f67f995ed1e7,common
421,0x715827b032ee079b013437acd7bf52dae797de77,common
210,0x7aa0acb983101da638bbbf26bc3af530829067de,common
1479,0x5af48c2aae5d1d87224ad5643eaa39018bf8b441,common
55,0xf6afd3f9b0bf86db5c0dd6ac68c60be2a9700145,common
53,0x1f8dd194700bd78188f0977294edbaad929d5e1d,common
46,0xe49527f95f6f2d59ee93af82d8a4d043b69982da,common
711,0x9a0f7d6b9a9868f63fc5c28dc3402f541b620b9b,common
932,0x9a0f7d6b9a9868f63fc5c28dc3402f541b620b9b,common
62,0x3e3672554b4ccf13827d37ef7d7056a0a25c1028,common
1446,0xa858b62061e014686e1a5ba57e88516ae64271fa,common
1204,0x961226018466d658887a316097b836d06f091cb3,common
1442,0x5c47cdc8ad3434948448d92afeac8ee977d7d546,common
149,0xd47d3e406a8ffa5d08935263e72961d7bba26078,common
820,0x2cd12b706f5163e1155a4f0511be7aa98c8e4541,common
1072,0x387a576e3e058ab04150607c7da48a83981b466b,common
1232,0xf6afd3f9b0bf86db5c0dd6ac68c60be2a9700145,common
1283,0xf7ddffa77bdca4e6fef281d47de24158f7071fa8,common
1409,0xd47d3e406a8ffa5d08935263e72961d7bba26078,common
796,0x9a0f7d6b9a9868f63fc5c28dc3402f541b620b9b,common
1118,0xf7c88b74bf56555482c1a417e7dc9dab64cf0c83,common
845,0x715827b032ee079b013437acd7bf52dae797de77,common
1109,0x423240bab9457f4ae3a69de5d6ad10f07dca1623,common
652,0x39d763077f1058c3eec01c9a7b7493b07c807dc9,common
1405,0xd47d3e406a8ffa5d08935263e72961d7bba26078,common
1328,0xb407763f587f5f8726dcc9eeb7a72c402117016a,common
567,0x1f8dd194700bd78188f0977294edbaad929d5e1d,common
1085,0x1166e7fd704d5b1f30ceb67cd1bf5233d74e450c,common
630,0x5af48c2aae5d1d87224ad5643eaa39018bf8b441,common
101,0x88d93e522dd5cd76cbb7eb585a433f06ae33ba6d,common
790,0x002d8266b401b4910535696f51ef3e789a7229c2,common
1005,0xf7ddffa77bdca4e6fef281d47de24158f7071fa8,common
1432,0x6bb43817152d40193bdd77ca8386d23eaccb014e,common
171,0x4bd04cc5d3231749536a9f47892d759566b31728,common
1013,0xb407763f587f5f8726dcc9eeb7a72c402117016a,common
1362,0x387a576e3e058ab04150607c7da48a83981b466b,common
320,0xe49527f95f6f2d59ee93af82d8a4d043b69982da,common
1164,0xe49527f95f6f2d59ee93af82d8a4d043b69982da,common
416,0x4730f7229a21a2e960a14f0be757a6b274272dfc,common
1139,0x503b79c7ee1bc253e86abdaa1be9e17444a26a74,common
1499,0x906e14601ea344b3cd024145f767673498249a85,common
993,0x8b7cd3d94fdc94ed9d916ecee93eb4149876c062,common
71,0x85c3b194e2d4bd89d10fe1e175b209898f8858f5,common
468,0xe49527f95f6f2d59ee93af82d8a4d043b69982da,common
926,0x7aa0acb983101da638bbbf26bc3af530829067de,common
768,0x53ffa4b77df99062b35f10af5f2ad9ba92f1d8f0,common
717,0xb2de9a304cf03eec12ca30b699c173c30b685eb9,common
735,0xd47d3e406a8ffa5d08935263e72961d7bba26078,common
110,0x88d93e522dd5cd76cbb7eb585a433f06ae33ba6d,common
723,0x50322f0df2f9f7d7ac00cb3851d4bfa5922264d4,common
298,0x53ffa4b77df99062b35f10af5f2ad9ba92f1d8f0,common
1035,0xa858b62061e014686e1a5ba57e88516ae64271fa,common
1293,0x50322f0df2f9f7d7ac00cb3851d4bfa5922264d4,common
770,0x8d87554a74286ede5d2af3e0d8331a26943b28c8,common
1086,0xbcf78336959e30ca5c7ba5fb3cf55f12029972ae,common
977,0x1f8dd194700bd78188f0977294edbaad929d5e1d,common
575,0x0b62afd2d1ebe24750d9e41f50cd4c274b9228a7,common
1429,0x97e8fe67043bf942ef67bc8cf0308df206cd836a,common
563,0x88d93e522dd5cd76cbb7eb585a433f06ae33ba6d,common
73,0xb407763f587f5f8726dcc9eeb7a72c402117016a,common
1349,0x913a7db159d3ed8685b77ba2d103e54d65e965b0,common
972,0x3803431f81fde7239c6947b09bdc02a8beac6ebc,common
742,0xd28b7125ecd96032d519d0aacc4729e23ed977f7,common
429,0x1f8dd194700bd78188f0977294edbaad929d5e1d,common
693,0x1f8dd194700bd78188f0977294edbaad929d5e1d,common
920,0x53ffa4b77df99062b35f10af5f2ad9ba92f1d8f0,common
857,0x6bb43817152d40193bdd77ca8386d23eaccb014e,common
765,0x2531b2ff6a7f08c6ab12c29d1b394788f819deb1,common
1018,0xb407763f587f5f8726dcc9eeb7a72c402117016a,common
1074,0x423240bab9457f4ae3a69de5d6ad10f07dca1623,common
335,0x423240bab9457f4ae3a69de5d6ad10f07dca1623,common
674,0x6e7297913dfeefcededd20779975cf427d3b767f,common
716,0x8bde4389216b05935bdae90971e2ab9dd874b419,common
108,0x088424bcb69ccfd8fc2dda8c043dc4fedb005928,common
1323,0xe0c4a6989d0a79f48ec90f930665db6762820bf4,common
1282,0xb407763f587f5f8726dcc9eeb7a72c402117016a,common
912,0xbb393a5e614704f5aec87d4b06e047ba23ec19ce,common
982,0xf41e85e898597be250791e0034eee79029a535aa,common
910,0x8bde4389216b05935bdae90971e2ab9dd874b419,common
414,0xe3c6ee7782b54803465048429b67020a6cc11c0c,common
1325,0xf941b4ae5910e9bf9a2731b4f05d9bed77edfa9a,common
1065,0x50322f0df2f9f7d7ac00cb3851d4bfa5922264d4,common
413,0x824d9da0cd82fb337b9f3d59c92d33081ec1cf5c,common
112,0xd28b7125ecd96032d519d0aacc4729e23ed977f7,common
286,0x7c02963b075198706e8f9b4448b78bfbc44d4890,common
978,0xbb393a5e614704f5aec87d4b06e047ba23ec19ce,common
1089,0xf22b63bfaf049c9a91e9933b962131dbddafc838,common
445,0xb5c9c8b67b306582ba87fc7b8ee03dc97c70f4a4,common
903,0x387a576e3e058ab04150607c7da48a83981b466b,common
40,0x06c4eca797eed5e8345543d88690108850a5b7a8,common
1447,0x67f9960a1ce533c90ebbdfcac29c2d0ec322e030,common
1427,0x423240bab9457f4ae3a69de5d6ad10f07dca1623,common
514,0xf068d95bade4a89a0f7a412ddae232f674f30f06,common
969,0xd28b7125ecd96032d519d0aacc4729e23ed977f7,common
811,0xadf997037a13c51cff283696daa0e93fb793aefe,common
760,0xce18fe4ae2b3679a2a87214694501a2eb795f015,common
1161,0xf0935d6297d7a9c6dc61994f150ba21778c4a127,common
726,0x53ffa4b77df99062b35f10af5f2ad9ba92f1d8f0,common
1306,0x86e96bdfce8e514ed5f59595ffc448e642bd78d0,common
1069,0x7c02963b075198706e8f9b4448b78bfbc44d4890,common
24,0x06c4eca797eed5e8345543d88690108850a5b7a8,common
1273,0xf41e85e898597be250791e0034eee79029a535aa,common
985,0x31a15cc7f98561c0da0c00dd63958a18f6803039,common
179,0x66fcd08dbe9839eda3dbade31a9cedc47737e8ab,common
1211,0x8bde4389216b05935bdae90971e2ab9dd874b419,common
806,0xb407763f587f5f8726dcc9eeb7a72c402117016a,common
106,0xc17c0fd474a06b77e0e596a3f835d5be97d6b531,common
1131,0x6d5b8025dfd4c93217eeab91aef6d57d1854c647,common
1285,0x8bde4389216b05935bdae90971e2ab9dd874b419,common
281,0x88bd9a49f6444b88a1e326a1929c91145141dc62,common
1150,0x0a2d3dd46e44acec0da085268502880bb384bcc0,common
308,0x86e96bdfce8e514ed5f59595ffc448e642bd78d0,common
631,0x1f8dd194700bd78188f0977294edbaad929d5e1d,common
25,0x06c4eca797eed5e8345543d88690108850a5b7a8,common
401,0xf639e2480084f5dd8b85aa9dfdaeb26575a57530,common
33,0x06c4eca797eed5e8345543d88690108850a5b7a8,common
1004,0x181ec7841c18012be7b189650437ad90f35c4cfa,common
769,0x088424bcb69ccfd8fc2dda8c043dc4fedb005928,common
1014,0x4094f8766b1de9c3bf010e872012fd398d44fc4f,common
295,0xebb51549ba3ea57ce52b60899eda9a97959bd578,common
1422,0x67f5d8c59c2b7046c3828c6112597b11d2002487,common
1096,0x435fe0a68feb35dfdbaabf3845c09f9a482564a2,common
1356,0x88d93e522dd5cd76cbb7eb585a433f06ae33ba6d,common
1493,0x97e8fe67043bf942ef67bc8cf0308df206cd836a,common
838,0x1d7224f0070f26e1fb05d7891b06ad6f746f7f20,common
34,0x06c4eca797eed5e8345543d88690108850a5b7a8,common
865,0x88d93e522dd5cd76cbb7eb585a433f06ae33ba6d,common
568,0xf1e27677adeda432ff6a546ac80c7cd3c79a6653,common
1186,0x88bd9a49f6444b88a1e326a1929c91145141dc62,common
402,0xe3c6ee7782b54803465048429b67020a6cc11c0c,common
45,0x1f8dd194700bd78188f0977294edbaad929d5e1d,common
58,0xc17c0fd474a06b77e0e596a3f835d5be97d6b531,common
721,0x04dce2abe30ffab6e9f5b5bf26063e5c1bf14a74,common
209,0xb407763f587f5f8726dcc9eeb7a72c402117016a,common
464,0x628b32e92690155c882229146585aa69468a5dd9,common
239,0xce18fe4ae2b3679a2a87214694501a2eb795f015,common
231,0xe8239878e00887a5d56977ae0229adf5fc856100,common
333,0x31a15cc7f98561c0da0c00dd63958a18f6803039,common
924,0x86682ab52b1319db3d7b08d9ad2357d6d4905351,common
996,0xc17c0fd474a06b77e0e596a3f835d5be97d6b531,common
477,0x641cf4f47ddfd1dac1bdee36069f09481064b031,common
220,0x984e5a0dae2107147a6ea7438a0517fc313acb4f,common
352,0x7c02963b075198706e8f9b4448b78bfbc44d4890,common
594,0x62b11dd346363260e1a90902f1fdb5548ced6e75,common
909,0xe5cb05aee78d01fd7869e4a872a2fb01527dc904,common
1041,0x51882ba4275569498407c023e2e3269cf32ce193,common
536,0x6cf75e61b98df3faf0c53f5fc78dac9010785442,common
1497,0xcbf437785ebf70e3125246ae2f3e0f243165d54b,common
1401,0x04dce2abe30ffab6e9f5b5bf26063e5c1bf14a74,common
570,0x0b0d4f245200ffb2453e4a37d81065a8e20785ca,common
26,0x06c4eca797eed5e8345543d88690108850a5b7a8,common
599,0x22b8d3b540d0338152c6768863377b7706a113c2,common
388,0x264382ad05f11ffbf226c8cdd517c09807ba065d,common
622,0xb0513c6ef6e898e6ef00ba67651f0f3b2c02a145,common
1016,0x435fe0a68feb35dfdbaabf3845c09f9a482564a2,common
835,0xc4ae1be82c422ef3eddcbd766fcaadee89dd8bc6,common
1230,0x1166e7fd704d5b1f30ceb67cd1bf5233d74e450c,common
1369,0x47f9aeeb7c31826bbcb54fa64784cc2ca7932460,common
182,0x7ac8cc4d0e27c7e9a177974b9499cf8b7f18b82d,common
1244,0xf483b6ca6fcf3bf5ccf1a0c6d9ba03d867246499,common
968,0x5d159f3524f26441fbda1758a4a6528ec77e36e1,common
1426,0x3a13646cf7fac5a566d76b048ded85bab2f1e075,common
1103,0xa8046ec2d7cba11c6df731a006edef3b2ad9d3f4,common
1178,0x598ed77bc7fe9cf0620d8bf48b862e95ee26a870,common
872,0x8d9fe474106ee416ee3dd5abc91da84c9d36fa6c,common
984,0x4ed37af73255498f4e8196e35b8f00fe777b2114,common
890,0x9381dc79760eabff5cb76a810dd468fc8f6c7ca2,common
776,0xf41e85e898597be250791e0034eee79029a535aa,common
616,0x7f01511163924cb55a62781f20d4adfcc7e2ef57,common
473,0x7aa0acb983101da638bbbf26bc3af530829067de,common
238,0xe475018c4e74bad91d2344cd79d12a48dedfb5d6,common
501,0x2f1b4890ff13bddafb96dcd83eaf7ca0fe0f8754,common
425,0x2fdc43c218708e66060593e18ecd71a829738779,common
404,0x3a13f0165e0c4cb6d8c015de108be59df71565aa,common
244,0x6abb35db772479470e41af2bacee06ffe5a933ae,common
619,0x647c54cdbbe93b75399e57490b2c51250b8b30c4,common
96,0xdc7a1bcef1fe356209047baa4cd87753a9e3458a,common
729,0xb585b60de71e48032e8c19b90896984afc6a660d,common
1478,0x9938493d23148b0ae3d222484db334eef840ccc8,common
840,0x523ff3e142f822e2158f3802d9bcb6f28977441e,common
1507,0xcbdeda54c3b74a82d80f0d56115e2ec4ae62035d,common
370,0x523ff3e142f822e2158f3802d9bcb6f28977441e,common
581,0x523ff3e142f822e2158f3802d9bcb6f28977441e,common
462,0x523ff3e142f822e2158f3802d9bcb6f28977441e,common
1468,0xb585b60de71e48032e8c19b90896984afc6a660d,common
364,0xb585b60de71e48032e8c19b90896984afc6a660d,common
87,0xd28b7125ecd96032d519d0aacc4729e23ed977f7,common
494,0xd28b7125ecd96032d519d0aacc4729e23ed977f7,common
521,0x04dce2abe30ffab6e9f5b5bf26063e5c1bf14a74,common
459,0x523ff3e142f822e2158f3802d9bcb6f28977441e,common
1008,0x2f6762d0352b45efb341954d854ae04d32abbef1,common
1431,0x4aa950b96c3f1c3e2b3f1611d39679cb2ce56c0a,common
1444,0xe762cf5512f79c5bed512d9e29d8e4eb1e5de969,common
1433,0xe1126616227254fb0b9cd7695da7a56327078bac,common
1384,0xe9eb513159abed5e3aa0d457e1745e9107a89906,common
893,0xce7aa7f1f57ce772edb0af0b5193dee0cc2c10b0,common
173,0xb585b60de71e48032e8c19b90896984afc6a660d,common
1330,0x628b32e92690155c882229146585aa69468a5dd9,common
41,0x2ae7ac4d95e1bfe1172fae1c8efe9097119216cf,common
297,0x1166e7fd704d5b1f30ceb67cd1bf5233d74e450c,common
1504,0x435fe0a68feb35dfdbaabf3845c09f9a482564a2,common
1466,0x0605dfa4aedc59d99e40bb0693d6bb49260d2486,common
232,0xb585b60de71e48032e8c19b90896984afc6a660d,common
1355,0xaed8f6fd49ef20ec5aef38846a2e2d171b52e0e7,common
1319,0x03ff53d8230e5ad5fdb8089db2b007efa7e4f6ea,common
853,0x523ff3e142f822e2158f3802d9bcb6f28977441e,common
230,0xd28b7125ecd96032d519d0aacc4729e23ed977f7,common
1133,0xaecc9f6abf91a3081ef08e6416377df8a9434ca8,common
1470,0xe8a8ffc888a4c078b09974ed0af9bee1ececc056,common
1292,0xc85c19d2513b966840f40ef31ccfe76229761dbb,common
947,0xc2735f9e4c806147b889a7fa7e4bcd98108023ae,common
1238,0x47037211507d0bcba418c211549d8f5912754c16,common
1359,0xe9e29f4a9cf63974151e8848d868901468998608,common
1366,0x892a2bd8a7cf2482d9ca861da727a559efaa338c,common
1455,0xb8ad1597a6795f45237e99438035885aa2a8f769,common
1332,0xbfe2f34bc286e9e5eac80f4bf968f91690bcdd5f,common
1157,0x760252aeccca603d03dba8cf87f0dc37c627d8b5,common
1174,0x6140b013fd4acfe15c302b605b5de388cd8897bd,common
875,0x523ff3e142f822e2158f3802d9bcb6f28977441e,common
1357,0x635c2150aba8488f0562d93ef4b203f4e5e63bd0,common
1456,0x04453c4a56c9eaddf4141fb64365cc69c2438fc4,common
1358,0xb04f609122267336e745661cc0a3e70312d4b157,common
1251,0xe465ccf86f22804925411270ecc15256eeee5f68,common
1354,0x280e64d8d0485010fdb1c8e9da202e713c5f880a,common
1336,0x055634306548cb850d0e53d08a286776142de84a,common
1373,0x35d752550343f14f66893fc884ac4074aa4d3909,common
1371,0xdb163bb6d9094d9fdc2852b0f91238889cb07088,common
868,0xd4bed2f060672b078dda054928af2af2fdf74ecc,common
1294,0x8b872fc8aadcda76bd84dc38812a30ea8f41fc0b,common
1327,0xad601af99799b5bc17171c5b45e18a2a721f3196,common
1258,0xc17c0fd474a06b77e0e596a3f835d5be97d6b531,common
874,0x3461940ef4a35f21ec043a2e3041197cee3d2d0c,common
911,0xee182cf9aaf7fd885237b1ccfeb5f6d13caf591b,common
992,0xf18794b140635fc5989025d96a12795d14e053f1,common
1250,0x3949fa023f0c7a49c16fa2bfc4bf273e25ae7d7c,common
1278,0xc9fd3ef9cbbf136779fef7b4d7df16d1150faace,common
1083,0x64e4205b33ac9f8f25e7ae42cf7f627063d4db42,common
1506,0x434c6dae7ff36f0e2ec8f11ab9f4ca6cf2d77715,common
1138,0x7de05b37ee66125806629766ad2fcee2cde265ad,common
1125,0xfa93c9a95727268b88ff77b5396ed3b8b59a1ba1,common
891,0x947d591e2fc25b44ecd816d50b07e60f8d15b59d,common
1009,0xe0c4a6989d0a79f48ec90f930665db6762820bf4,common
1034,0x41a9d892b2488d3527780a1a11344a72c65a7347,common
1071,0x9cf1e36dd221eda50f0e7f2b5355ed397d929baf,common
1091,0x4accab0baf83deab028658b6fcc9fb329f180579,common
938,0xeda002ed83c88ec248fa4aca9b3e04266e964e04,common
879,0x009e5f0766f97721b5d9c63bcdbd3236ad741de2,common
1077,0xd47f0c9d3905a27a6ded9987c265078c09fe421f,common
1156,0xb06943b6d719998460d5db7a43fd48aa4fd1dd9b,common
963,0x626b3d7b7bb1a311bd839842f2782f0dd286827d,common
873,0x2056b410fa063d8aa8b994d3b62330c008bb4b30,common
1208,0xc13a80fd29cddf5290d2e301b3121df0b73b4401,common
753,0x275b5aadfb0acee5b7305eb26af7f762771b8ba7,common
1110,0x6b40f1f95e3ad1ce4cce2fe8b394397c8fb9dc3e,common
784,0x0843171e83d36844dd9d5829fd0489a83c4dafc1,common
1345,0xb361b55b2bc39099853595bfab7a87c5c3e350be,common
907,0x091918cabc23b72f6ebceba5c222092536ef9179,common
660,0xa18e954419cf6e9f3beac5ca6fedf94a51065977,common
935,0x7908d3a0c312f032f68f168c7a2d8c25f191cce0,common
942,0x97ca82c087cd89a9a6ad246d3bed20269868623b,common
596,0xa045508799bf3fa07b86fe1e02ceb48c79140927,common
511,0x2683ccf6d7e3215f025c0ce164beba78b1c2ce16,common
680,0x7178ff45da5366f56f1479b50ef4b7cd96fcb55d,common
1149,0xaa3550e1b61404bc2edbd5ed4cd2e6f45f84e73a,common
814,0x51167b545fadc369ae9bcb68a7b0755dfc2af31e,common
628,0x97e8fe67043bf942ef67bc8cf0308df206cd836a,common
1177,0xa65222240dd864a1796b318a891d2f50a6f24df5,common
1176,0x155f59420fa59d37963c12527f5bd67cab5c3ac5,common
779,0xf8ae72a3090bfdcec0039e2f405023c99524407d,common
881,0x7f8df7b34689a4daa25b6900c5b67383afe49b1f,common
636,0xce18fe4ae2b3679a2a87214694501a2eb795f015,common
1060,0x39320b62b61f58587bbd230448faa8339bc20223,common
1146,0xd0c441922f5831954a6d485ca95e6a6764610a55,common
605,0x42222025d4a6d54731fdced79013c73f0ac134ff,common
641,0x189739efacd3b10741174f58c8de48200d526da2,common
781,0x5ad1592518eadc34a22263fe5e56c19c46ffab8b,common
564,0xca3b4e7dc8aa1620f0aa1b2c219d569663f92b5d,common
665,0xde12f8017646e895a6b379c5ef96738ceb992bb7,common
707,0xb91627ff8913acad42b8ab83ff2a0469b70425f0,common
976,0x37cbd4652157c2cfbb30b379af152a3e5b6b1199,common
582,0x822a8540d564108aa364a64efa34eaa34950c011,common
774,0x981cd76e05e350708aae9289bf6f8c9376cd9110,common
1000,0xf9107317b0ff77ed5b7adea15e50514a3564002b,common
799,0x439019390f6e1f9fb3bfd893931626f1bcbccf40,common
657,0xe3468d979db3549d1f7ef22f399ac75bf58ec8de,common
587,0x0796df9cc968fd6ec6eabd3ac8e7e570208a8c09,common
722,0x704e9a9ea2d23683568154ceac27e03dfa41f3bb,common
808,0xe294679252d94cba6676c239deb4831a7dea9da5,common
887,0xbfa1d5a9082a189d176424e379565a30ee18d5a4,common
986,0xb0c3f2c3fa2cbbaf2f7d296bd41d8031672fdaf4,common
758,0x3b464c069a714f4d9a12b349b6120af74c817baa,common
1175,0xac32df96f71c7e932cce36ae4cfbadab194ee75e,common
439,0x0828e2abe911175303a358973b200c83792ef76a,common
513,0xd1c2db03e7999643b2041d9dd0f7880c351343d8,common
506,0xcd4c19baa455265edf66282cbf1b069a5d9ea580,common
655,0xa807378385270b10deb3cb0da074ea26abe7466f,common
565,0xfaf1da3b800cbe126721bdf46a3b102cbe43f0bd,common
188,0x1ef6d390a09ae2db02cd7dd511bb2ecef8d65f63,common
332,0x7ea340b7aa91f3b3102e75eb3c9016fb6eae35ae,common
400,0xa2a91632cd29a0f21720e5a95a5036ca28c5e93f,common
532,0xc0941fd0ae89b4081b6519c7af25867c9c262cb3,common
546,0x15535d85af225a3f98ff5495ed3e83400477eb27,common
600,0xde1fc8da7983723db1fba1a745ee28d6eb37b726,common
432,0xe6a69c4f0e880ef107852f51ea76b68b9b62b5be,common
306,0x25d0c6d2ec0ac0ade28a5e457e33ef82ea6b635a,common
151,0xa22379254f46715b7d625e32ae8770fa0f939213,common
679,0x435fe0a68feb35dfdbaabf3845c09f9a482564a2,common
785,0x0176e09f8f4e675ed78107a89f5acddee626b968,common
481,0x3619cd8796c772f9e358e6c912db93bb6982b49d,common
304,0x5ee2bcafbf17d92f93e45dbe66189eba15012acc,common
484,0xe3821aeb03d72c4dfa38e51eea3828e6145c994d,common
426,0x707c6dcdba27127989617dd1807bbfac00797ba6,common
461,0x4cc8c9a45b953a1922d8700e7cf4c0489d0b4154,common
305,0x22380ed1a107844225c7acd99465a8e5fb6bf4bc,common
452,0x4c53f4e1ebd3180c4697a1eaba998f768bb8f07e,common
152,0x2ad763dc35cd15a0f641fd09304dc89e996cd2b8,common
397,0x3e5bd8df101df3195e251ae68fd070d22a089c40,common
395,0x797520f471de8ec7b1e771e014149c4fd408367c,common
406,0x1c0014f43751c7cc1de0eea441a05ccd6eec6d8b,common
469,0x7075dd4116d38f1df6a2d9d782b1286a31d763e7,common
552,0xf7f31963836d6e09383b256a662e26c3715fd4fb,common
317,0xebeb28092ca41b84c7fcb9107db9ff40f9d4a419,common
208,0xa3a4dbee622faead76e33298b4876525ef86adad,common
433,0x963a4e260d8bcc2082c37df943ad1521d7f1ff32,common
102,0x50471ece53a57623f8dc358dedbcd9418085d855,common
700,0xf894f5d742e36f95e56e9dc33810acc103203077,common
495,0xd901da9d7ad72a366b626ead8652cf68171d3091,common
292,0x01e2db782eee4d164217129922446786d73cd4c1,common
344,0xdc4b81dd327aeb2830605a29154275ed51b803ae,common
372,0x5987a436ca03940f3f42a06bcddfc268f6f7acc1,common
334,0xbb34b5ad1d5fd1058be03cc5027ef14e81babe26,common
381,0x6bb43817152d40193bdd77ca8386d23eaccb014e,common
218,0xf158269e837a3c8f6463ee366c437b524ee1e62b,common
422,0x0947f61e5bb37593d2cedc89c55bac678bf4406e,common
194,0x26f6fef5b1ee7c6c7b4393db7f8843e7ead09948,common
486,0x0d8cbfd0f86bef64078451de6927fc4d49275a29,common
196,0x3f3e791194fb13723b2bfcd663057d4ee157c30f,common
355,0xeaf9bfb4aafb7ec040704c0937e450577e7f5d39,common
371,0x7b621d9406e311406cf1096405797a71793dee08,common
234,0xd292ee3385995f9191b5331b108c891cef32a5e1,common
340,0x64dbfb683274516bc5b22f7f6cf7299028be8768,common
417,0x8fa93cc437b4905b5269caa7d7eeda9628e983f7,common
274,0xc2e4c67b03c696ff6d931c06b4e582cc3778580c,common
261,0x82ea6f9fcf36bbb3bbacdfca847f911b6c741c2f,common
405,0x86a99ef8e79598a6c3beb14cc7ad6f508a38b1fb,common
160,0x8e18da6323a866ed3d87739096071003545319c8,common
386,0xbbfb92bceae17a8d7a0c222fda650e293064e204,common
584,0xc2a6552b71a66967ccc525c0d787936429b55f26,common
184,0x7707244943b331629d574a6d7a97fa89fa75e3e0,common
15,0x4d905b34ddbdcfaf447994bf63809e2c7601b625,ultraRare
251,0x018eb278b9e138dffb767e47c7a8bccefd71bea6,common
72,0x240a829b963d1e84982a17f2ff7bfc9def8e61d3,common
128,0xd2fa2ef8ca935755ff437e43eb4f8bf3d8ff7ccd,common
224,0xc44733cbc3998cca0a7364bbf6f309111a478457,common
107,0x408ee585eba073b6e226e5114157cf5d3cef08f0,common
236,0x6ed655ed54910c1f85391f8e755f92927a381439,common
86,0x3a43f6e92708cb75425b0b1063526efbe783864d,common
95,0x251ff6e64fba7882a2006d894cf42820511ac02e,common
219,0x7e4133255a9b798a414f841ade5e90d6fc644217,common
