16,0x4bb0cffc6c96861fa71c7c9a9a31cb6dc6d9e6d0,ultraRare
19,0x57d3b15ae4ed00c7e32ecedefc246db04892f6e7,ultraRare
18,0x4150220dab02ad6a4e241bfe254ecf391b5a4f28,ultraRare
1523,0x3599868db4989ed40d85d646a77194512a6854ee,ultraRare
1525,0x3599868db4989ed40d85d646a77194512a6854ee,ultraRare
12,0xbb393a5e614704f5aec87d4b06e047ba23ec19ce,ultraRare
5,0xce18fe4ae2b3679a2a87214694501a2eb795f015,ultraRare
14,0x9abcd812bffc1ef2e81a2dde75b5ed8809289d9d,ultraRare
4,0x679f4e7c837abd5f5ab0765addc4103a552af4ac,ultraRare
20,0xb74bec8478810d747c95a80ee3943daa0b50a795,ultraRare
1,0x95a1b2e09d2c9d742098da59d630ad76e87d2132,ultraRare
0,0xd28b7125ecd96032d519d0aacc4729e23ed977f7,ultraRare
17,0xfc864d1ff969599e7ea094e74d01f5e66f15e424,ultraRare
11,0x22cbde853a50db5a036e5d62b1c82490465557c0,ultraRare
6,0x002d8266b401b4910535696f51ef3e789a7229c2,ultraRare
10,0x258ab312db3f2130295807b4ec3ce20918b79c95,ultraRare
1524,0xb7734b5c378fd169d2b9720d0d5ac1a7b30f9fc9,ultraRare
7,0x35e7c849021957f57d8d3e5daf2d46bfadfd9c04,ultraRare
13,0x87be2dae279a59a419655aadce2cb3ae30810b53,ultraRare
2,0xa858b62061e014686e1a5ba57e88516ae64271fa,ultraRare
3,0x88b009970d6c2b2042adbee64afee6d0b5df5a71,ultraRare
15,0x4d905b34ddbdcfaf447994bf63809e2c7601b625,ultraRare
